timestamp,function,workload,pressure,queue_length,utilization,n_instances,action
2025-05-12 07:56:00,grep,None,None,None,0.07016470588235293,1,1
2025-05-12 07:56:06,grep,None,None,None,9.015544041450777e-05,1,1
2025-05-12 07:56:12,grep,None,None,None,9.025641025641026e-05,1,1
2025-05-12 07:56:18,grep,None,None,None,0.09526358974358974,1,1
2025-05-12 07:56:24,grep,0.08174195732222368,1.026300431,0.000058192000474849246,0.10099228791773779,1,1
2025-05-12 07:56:30,grep,0.08174195732222368,1.026300431,0.000058192000474849246,0.09407403598971723,1,1
2025-05-12 07:56:36,grep,0.4242687875622239,1.048773683,0.00002567445364705305,0.10321145833333334,1,6
2025-05-12 07:56:42,grep,0.4242687875622239,1.048773683,0.00002567445364705305,0.10146871794871797,1,6
2025-05-12 07:56:48,grep,0.4242687875622239,1.048773683,0.00002567445364705305,0.08770178117048348,1,6
2025-05-12 07:56:54,grep,0.5779570687940911,0.998355734,0.000026959053430901658,0.07658209718670077,1,6
2025-05-12 07:57:00,grep,0.5779570687940911,0.998355734,0.000026959053430901658,9.591836734693877e-05,1,1
2025-05-12 07:57:07,grep,0.55,0.984101677,0.00007288497627806878,0.05837194805194805,1,1
2025-05-12 07:57:13,grep,0.55,0.984101677,0.00007288497627806878,0.09920822622107969,1,6
2025-05-12 07:57:19,grep,0.55,0.984101677,0.00007288497627806878,0.10420923076923076,1,6
2025-05-12 07:57:25,grep,0.55,1.000782229,0.000027041579091864062,0.10225882352941178,1,6
2025-05-12 07:57:31,grep,0.55,1.000782229,0.000027041579091864062,0.1005616368286445,1,6
2025-05-12 07:57:37,grep,0.55,1.048630948,0.00003915544140912301,0.10400925449871465,1,6
2025-05-12 07:57:43,grep,0.55,1.048630948,0.00003915544140912301,0.1026639175257732,1,6
2025-05-12 07:57:49,grep,0.55,0.999018776,0.000023369476274760996,0.09895204081632653,1,6
2025-05-12 07:57:55,grep,0.55,0.999018776,0.000023369476274760996,0.10054871794871795,1,6
2025-05-12 07:58:01,grep,0.55,0.999018776,0.000023369476274760996,0.10236326530612246,1,6
2025-05-12 07:58:07,grep,0.95,1.049220985,0.000024789482026799226,0.09754153846153846,1,1
2025-05-12 07:58:13,grep,0.95,1.049220985,0.000024789482026799226,0.1007547557840617,1,1
2025-05-12 07:58:19,grep,0.95,1.000020497,0.000028510228452386684,0.10106082474226805,1,1
2025-05-12 07:58:25,grep,0.95,1.000020497,0.000028510228452386684,0.09823650385604113,1,1
2025-05-12 07:58:31,grep,0.95,1.000020497,0.000028510228452386684,0.10232569974554707,1,1
2025-05-12 07:58:37,grep,0.95,0.998649659,0.00003480721146865607,0.10449740932642487,1,1
2025-05-12 07:58:43,grep,0.95,0.998649659,0.00003480721146865607,0.09952512820512821,1,1
2025-05-12 07:58:49,grep,0.95,1.000086706,0.000025102453638759987,0.09888020565552699,1,1
2025-05-12 07:58:55,grep,0.95,1.000086706,0.000025102453638759987,0.10071246819338424,1,1
2025-05-12 07:59:01,grep,0.95,1.000086706,0.000025102453638759987,0.10432783505154639,1,1
2025-05-12 07:59:07,grep,1.0333333333333334,2.996934704,1.8591951451522124,0.1031774936061381,1,10
2025-05-12 07:59:13,grep,1.0333333333333334,2.996934704,1.8591951451522124,0.102739896373057,1,10
2025-05-12 07:59:19,grep,1.0333333333333334,2.949410977,2.100558686133317,0.09721855670103093,1,8
2025-05-12 07:59:25,grep,1.0333333333333334,2.949410977,2.100558686133317,0.10370077120822624,1,8
2025-05-12 07:59:31,grep,1.0333333333333334,2.949410977,2.100558686133317,0.0938,1,8
2025-05-12 07:59:38,grep,1.0333333333333334,2.900389131,2.214318875431551,0.10150231362467867,1,1
2025-05-12 07:59:44,grep,1.0333333333333334,2.900389131,2.214318875431551,0.09884663212435234,1,8
2025-05-12 07:59:50,grep,1.0333333333333334,3.001677078,1.859911597577645,0.10096572890025575,1,10
2025-05-12 07:59:56,grep,1.0333333333333334,3.001677078,1.859911597577645,0.09868410256410258,1,10
2025-05-12 08:00:02,grep,1.0333333333333334,3.001677078,1.859911597577645,0.10230673575129534,1,10
2025-05-12 08:00:08,grep,1.0333333333333334,3.050757818,1.9096618135660295,0.1035629820051414,1,10
2025-05-12 08:00:14,grep,1.0333333333333334,3.050757818,1.9096618135660295,0.10153025641025641,1,10
2025-05-12 08:00:20,grep,1.0333333333333334,2.947159669,2.1069235336512055,0.09839590792838875,1,8
2025-05-12 08:00:26,grep,1.0333333333333334,2.947159669,2.1069235336512055,0.10445906735751295,1,8
2025-05-12 08:00:33,grep,1.0333333333333334,2.947159669,2.1069235336512055,0.09752717948717947,1,8
2025-05-12 08:00:39,grep,1.0333333333333334,2.898158804,2.044975801827376,0.1003257731958763,1,8
2025-05-12 08:00:45,grep,1.0333333333333334,2.898158804,2.044975801827376,0.09898925831202046,1,8
2025-05-12 08:00:51,grep,1.0333333333333334,2.901653371,1.8971250660195595,0.09518549222797928,1,10
2025-05-12 08:00:57,grep,1.0333333333333334,2.901653371,1.8971250660195595,0.09906288659793815,1,10
2025-05-12 08:01:03,grep,1.0333333333333334,2.901653371,1.8971250660195595,0.1003825641025641,1,10
2025-05-12 08:01:09,grep,1.0166666666666666,2.947048425,1.9444558404658374,0.09892577319587628,1,10
2025-05-12 08:01:15,grep,1.0166666666666666,2.947048425,1.9444558404658374,0.09740255754475703,1,10
2025-05-12 08:01:21,grep,1.0166666666666666,1.947736454,0.9497523751214759,0.09955589743589745,1,9
2025-05-12 08:01:27,grep,1.0166666666666666,1.947736454,0.9497523751214759,0.0967390180878553,1,9
2025-05-12 08:01:33,grep,1.0166666666666666,1.947736454,0.9497523751214759,0.09951773778920309,1,9
2025-05-12 08:01:39,grep,1.0166666666666666,1.8520766690000001,1.047413397531369,0.10352351421188631,1,9
2025-05-12 08:01:45,grep,1.0166666666666666,1.8520766690000001,1.047413397531369,0.10197628865979383,1,9
2025-05-12 08:01:51,grep,1.0166666666666666,2.047938363,1.046416882743933,0.0981708439897698,1,9
2025-05-12 08:01:57,grep,1.0166666666666666,2.047938363,1.046416882743933,0.10095000000000001,1,9
2025-05-12 08:02:03,grep,1.0166666666666666,2.047938363,1.046416882743933,0.10367692307692308,1,9
2025-05-12 08:02:09,grep,1,2.045690654,1.044257061496428,0.10198567774936061,1,9
2025-05-12 08:02:15,grep,1,2.045690654,1.044257061496428,0.10198877551020408,1,9
2025-05-12 08:02:21,grep,1,1.8995472169999998,1.104791082610893,0.09165626598465475,1,9
2025-05-12 08:02:27,grep,1,1.8995472169999998,1.104791082610893,0.09376923076923077,1,9
2025-05-12 08:02:34,grep,1,1.8995472169999998,1.104791082610893,0.09795012722646311,1,9
2025-05-12 08:02:40,grep,1,2.046731948,0.953623110606435,0.10219179487179489,1,9
2025-05-12 08:02:46,grep,1,2.046731948,0.953623110606435,0.10173948717948718,1,9
2025-05-12 08:02:52,grep,1,2.047661831,0.9529639674798246,0.10246649616368286,1,9
2025-05-12 08:02:58,grep,1,2.047661831,0.9529639674798246,0.09874639175257732,1,9
2025-05-12 08:03:04,grep,1.0166666666666666,1.944827501,0.9520350370559876,0.10029511568123393,1,9
2025-05-12 08:03:10,grep,1.0166666666666666,1.944827501,0.9520350370559876,0.00010279898218829516,1,9
2025-05-12 08:03:16,grep,1.0166666666666666,1.944827501,0.9520350370559876,9.690721649484537e-05,1,9
2025-05-12 08:03:22,grep,1.0166666666666666,0.95032102,0.000025658303997513974,9.87146529562982e-05,1,1
2025-05-12 08:03:28,grep,1.0166666666666666,0.95032102,0.000025658303997513974,9.387755102040816e-05,1,1
2025-05-12 08:03:34,grep,1.0166666666666666,0.95032102,0.000025658303997513974,0.000107012987012987,1,1
2025-05-12 08:03:40,grep,1.0166666666666666,0.95032102,0.000025658303997513974,0.00011002570694087404,1,1
2025-05-12 08:03:46,grep,1.0166666666666666,0.95032102,0.000025658303997513974,9.87146529562982e-05,1,1
2025-05-12 08:03:52,grep,1.0166666666666666,0.95032102,0.000025658303997513974,0.01097319587628866,1,1
2025-05-12 08:03:58,grep,1.0166666666666666,0.95032102,0.000025658303997513974,0.09967365728900254,1,1
2025-05-12 08:04:04,grep,0.23333333333333334,0.949220674,0.00002444696784159947,0.10116923076923078,1,6
2025-05-12 08:04:10,grep,0.23333333333333334,0.949220674,0.00002444696784159947,0.10214639175257732,1,6
2025-05-12 08:04:16,grep,0.23333333333333334,0.949220674,0.00002444696784159947,0.09851282051282052,1,6
2025-05-12 08:04:22,grep,0.23333333333333334,0.997406431,0.000029112350195221547,0.10053092783505155,1,6
2025-05-12 08:04:28,grep,0.23333333333333334,0.997406431,0.000029112350195221547,0.00012717948717948718,1,1
2025-05-12 08:04:34,grep,0.23333333333333334,0.948422132,0.000023918191905200847,0.09584654731457802,1,6
2025-05-12 08:04:40,grep,0.23333333333333334,0.948422132,0.000023918191905200847,0.09920723514211886,1,6
2025-05-12 08:04:46,grep,0.23333333333333334,0.948422132,0.000023918191905200847,0.10009128205128205,1,6
2025-05-12 08:04:52,grep,0.23333333333333334,0.949868045,0.000030227217353808373,0.09775773195876289,1,6
2025-05-12 08:04:58,grep,0.23333333333333334,0.949868045,0.000030227217353808373,0.10025435897435898,1,6
2025-05-12 08:05:04,grep,0.9166666666666666,0.997620418,0.000027203471138039464,0.10290564102564102,1,1
2025-05-12 08:05:11,grep,0.9166666666666666,0.997620418,0.000027203471138039464,0.09524935732647814,1,1
2025-05-12 08:05:17,grep,0.9166666666666666,0.997620418,0.000027203471138039464,9.175257731958764e-05,1,1
2025-05-12 08:05:23,grep,0.9166666666666666,0.901166261,0.000023848554322663488,0.10212577319587629,1,1
2025-05-12 08:05:29,grep,0.9166666666666666,0.901166261,0.000023848554322663488,0.09773163265306123,1,1
2025-05-12 08:05:35,grep,0.9166666666666666,1.046398175,0.000026176189542669166,0.09542153846153846,1,1
2025-05-12 08:05:41,grep,0.9166666666666666,1.046398175,0.000026176189542669166,0.1032020618556701,1,1
2025-05-12 08:05:47,grep,0.9166666666666666,1.046398175,0.000026176189542669166,0.10028556701030927,1,1
2025-05-12 08:05:53,grep,0.9166666666666666,0.997117544,0.00002733453559891586,0.1039150895140665,1,1
2025-05-12 08:05:59,grep,0.9166666666666666,0.997117544,0.00002733453559891586,0.09466496163682865,1,1
2025-05-12 08:06:05,grep,0.9166666666666666,1.04793306,0.000020593342483543113,0.097959793814433,1,1
2025-05-12 08:06:11,grep,0.9166666666666666,1.04793306,0.000020593342483543113,0.09529285714285712,1,1
2025-05-12 08:06:17,grep,0.9166666666666666,1.04793306,0.000020593342483543113,0.10368969072164949,1,1
2025-05-12 08:06:23,grep,0.9166666666666666,1.047317369,0.000027830925038329267,0.09932512820512822,1,1
2025-05-12 08:06:29,grep,0.9166666666666666,1.047317369,0.000027830925038329267,8.740359897172235e-05,1,1
2025-05-12 08:06:35,grep,0.9166666666666666,0.951600663,0.00002803565505208951,9.175257731958764e-05,1,1
2025-05-12 08:06:41,grep,0.9166666666666666,0.951600663,0.00002803565505208951,0.10434987212276214,1,1
2025-05-12 08:06:47,grep,0.9166666666666666,0.951600663,0.00002803565505208951,0.09910025974025974,1,1
2025-05-12 08:06:53,grep,0.9166666666666666,1.098168206,0.000027854432357673827,0.0988591836734694,1,1
2025-05-12 08:06:59,grep,0.9166666666666666,1.098168206,0.000027854432357673827,0.10228600508905852,1,1
2025-05-12 08:07:05,grep,0.85,0.94817277,0.000028654881667265743,0.10105567010309277,1,6
2025-05-12 08:07:11,grep,0.85,0.94817277,0.000028654881667265743,0.10187043701799486,1,6
2025-05-12 08:07:17,grep,0.85,0.94817277,0.000028654881667265743,0.0969462915601023,1,1
2025-05-12 08:07:23,grep,0.85,0.99943361,0.000025022798432885134,0.09826529562982005,1,6
2025-05-12 08:07:29,grep,0.85,0.99943361,0.000025022798432885134,0.09539744245524297,1,6
2025-05-12 08:07:35,grep,0.85,0.993949895,0.00002837145029979405,0.0948123076923077,1,6
2025-05-12 08:07:41,grep,0.85,0.993949895,0.00002837145029979405,0.09830284237726099,1,6
2025-05-12 08:07:47,grep,0.85,0.993949895,0.00002837145029979405,0.09954020618556701,1,6
2025-05-12 08:07:53,grep,0.85,0.998795723,0.000027757196866519067,0.10326375321336762,1,6
2025-05-12 08:08:00,grep,0.85,0.998795723,0.000027757196866519067,0.10662118863049094,1,6
2025-05-12 08:08:06,grep,0.9333333333333333,1.04897961,0.00005455694422478958,0.09793689567430025,1,1
2025-05-12 08:08:12,grep,0.9333333333333333,1.04897961,0.00005455694422478958,0.10158046272493573,1,1
2025-05-12 08:08:18,grep,0.9333333333333333,1.04897961,0.00005455694422478958,0.10179437340153452,1,1
2025-05-12 08:08:24,grep,0.9333333333333333,0.999882896,0.000025692668733241834,0.09892442159383034,1,1
2025-05-12 08:08:30,grep,0.9333333333333333,0.999882896,0.000025692668733241834,0.10182974358974359,1,1
2025-05-12 08:08:36,grep,0.9333333333333333,1.05146545,0.000023617120715066538,0.10322142857142858,1,1
2025-05-12 08:08:42,grep,0.9333333333333333,1.05146545,0.000023617120715066538,0.09797223650385604,1,1
2025-05-12 08:08:48,grep,0.9333333333333333,1.05146545,0.000023617120715066538,0.0982319587628866,1,1
2025-05-12 08:08:54,grep,0.9333333333333333,1.000101671,0.000027796946583901465,0.09908644501278772,1,1
2025-05-12 08:09:00,grep,0.9333333333333333,1.000101671,0.000027796946583901465,0.09803794871794871,1,1
2025-05-12 08:09:06,grep,1.0333333333333334,3.097226606,1.9457771336917846,0.09868923076923077,1,10
2025-05-12 08:09:12,grep,1.0333333333333334,3.097226606,1.9457771336917846,0.09796382428940568,1,10
2025-05-12 08:09:18,grep,1.0333333333333334,3.097226606,1.9457771336917846,0.10285922077922077,1,10
2025-05-12 08:09:24,grep,1.0333333333333334,4.047664624,2.6870308259066507,0.10118144329896907,1,8
2025-05-12 08:09:30,grep,1.0333333333333334,4.047664624,2.6870308259066507,0.10344410256410257,1,8
2025-05-12 08:09:36,grep,1.0333333333333334,3.896679196,3.1031257136671457,0.0990148337595908,1,8
2025-05-12 08:09:42,grep,1.0333333333333334,3.896679196,3.1031257136671457,0.09941912144702841,1,8
2025-05-12 08:09:48,grep,1.0333333333333334,3.896679196,3.1031257136671457,0.10579431524547804,1,8
2025-05-12 08:09:54,grep,1.0333333333333334,4.848522967,3.8656973264047614,0.10120512820512823,1,8
2025-05-12 08:10:00,grep,1.0333333333333334,4.848522967,3.8656973264047614,0.10500103092783504,1,8
2025-05-12 08:10:06,grep,1.0666666666666667,4.997437637,3.9995499668591976,0.10097731958762887,1,8
2025-05-12 08:10:12,grep,1.0666666666666667,4.997437637,3.9995499668591976,0.09797628865979383,1,8
2025-05-12 08:10:18,grep,1.0666666666666667,4.997437637,3.9995499668591976,0.0946020618556701,1,8
2025-05-12 08:10:24,grep,1.0666666666666667,4.898254099,3.4596621372989276,0.09522358974358974,1,8
2025-05-12 08:10:30,grep,1.0666666666666667,4.898254099,3.4596621372989276,0.10116288659793815,1,8
2025-05-12 08:10:37,grep,1.0666666666666667,5.045462501,3.8148029292812655,0.09961023017902812,1,8
2025-05-12 08:10:43,grep,1.0666666666666667,5.045462501,3.8148029292812655,0.09925948717948717,1,8
2025-05-12 08:10:49,grep,1.0666666666666667,5.045462501,3.8148029292812655,0.10046082474226804,1,8
2025-05-12 08:10:55,grep,1.0666666666666667,4.897067212,4.147888509710925,0.09988307692307692,1,8
2025-05-12 08:11:01,grep,1.0666666666666667,4.897067212,4.147888509710925,0.10401953727506427,1,8
2025-05-12 08:11:07,grep,1.0166666666666666,4.846931714,4.101745945421071,0.09905166240409208,1,8
2025-05-12 08:11:13,grep,1.0166666666666666,4.846931714,4.101745945421071,0.10206735751295337,1,8
2025-05-12 08:11:19,grep,1.0166666666666666,4.095336379,2.90101406528023,0.1019897435897436,1,8
2025-05-12 08:11:25,grep,1.0166666666666666,4.095336379,2.90101406528023,0.09931122448979592,1,8
2025-05-12 08:11:31,grep,1.0166666666666666,4.095336379,2.90101406528023,0.09568659793814432,1,8
2025-05-12 08:11:37,grep,1.0166666666666666,4.146088499,2.9559763190961545,0.10078766066838046,1,8
2025-05-12 08:11:43,grep,1.0166666666666666,4.146088499,2.9559763190961545,0.09734249363867685,1,8
2025-05-12 08:11:49,grep,1.0166666666666666,3.8997144500000003,3.1036356877859976,0.098859793814433,1,8
2025-05-12 08:11:55,grep,1.0166666666666666,3.8997144500000003,3.1036356877859976,0.10244421593830336,1,8
2025-05-12 08:12:01,grep,1.0166666666666666,3.8997144500000003,3.1036356877859976,0.09356923076923077,1,8
2025-05-12 08:12:07,grep,0.9666666666666667,2.997097137,2.004056653072513,0.09935218508997429,1,8
2025-05-12 08:12:13,grep,0.9666666666666667,2.997097137,2.004056653072513,0.1027302564102564,1,8
2025-05-12 08:12:19,grep,0.9666666666666667,3.04767889,2.043619754340145,0.09671692307692308,1,8
2025-05-12 08:12:25,grep,0.9666666666666667,3.04767889,2.043619754340145,0.10283804627249356,1,8
2025-05-12 08:12:31,grep,0.9666666666666667,3.04767889,2.043619754340145,0.09952923076923077,1,8
2025-05-12 08:12:37,grep,0.9666666666666667,1.995799876,1.000269536286649,0.09809104859335038,1,9
2025-05-12 08:12:43,grep,0.9666666666666667,1.995799876,1.000269536286649,0.09733231552162849,1,9
2025-05-12 08:12:49,grep,0.9666666666666667,1.9506167300000001,1.05077416975594,0.100969820971867,1,9
2025-05-12 08:12:55,grep,0.9666666666666667,1.9506167300000001,1.05077416975594,0.10186459948320413,1,9
2025-05-12 08:13:01,grep,0.9666666666666667,1.9506167300000001,1.05077416975594,0.10337377892030847,1,9
2025-05-12 08:13:07,grep,1,1.947468113,0.951111397948942,0.10248265306122448,1,9
2025-05-12 08:13:13,grep,1,1.947468113,0.951111397948942,0.09887751937984496,1,9
2025-05-12 08:13:20,grep,1,1.996732244,1.0012392790075169,0.10197120822622108,1,9
2025-05-12 08:13:26,grep,1,1.996732244,1.0012392790075169,0.10429922879177378,1,9
2025-05-12 08:13:32,grep,1,1.996732244,1.0012392790075169,0.10262519280205655,1,9
2025-05-12 08:13:38,grep,1,1.635279339,0.7210478950937319,0.10129538461538462,1,9
2025-05-12 08:13:44,grep,1,1.635279339,0.7210478950937319,0.09797033248081842,1,9
2025-05-12 08:13:50,grep,1,1.097928326,0.10100605189331725,0.09986323907455014,1,1
2025-05-12 08:13:56,grep,1,1.097928326,0.10100605189331725,0.09788894601542417,1,1
2025-05-12 08:14:02,grep,1,1.097928326,0.10100605189331725,0.09820565552699229,1,1
2025-05-12 08:14:08,grep,1.0166666666666666,0.996295798,0.000031430408763424695,0.0950077120822622,1,1
2025-05-12 08:14:14,grep,1.0166666666666666,0.996295798,0.000031430408763424695,0.10097846153846154,1,1
2025-05-12 08:14:20,grep,1.0166666666666666,1.069347755,0.01989859965334487,0.10383108808290155,1,1
2025-05-12 08:14:26,grep,1.0166666666666666,1.069347755,0.01989859965334487,0.0996020618556701,1,1
2025-05-12 08:14:32,grep,1.0166666666666666,1.069347755,0.01989859965334487,0.04965257731958763,1,1
2025-05-12 08:14:38,grep,1.0166666666666666,0.948450456,0.000027670107574511454,0.10140358056265984,1,1
2025-05-12 08:14:44,grep,1.0166666666666666,0.948450456,0.000027670107574511454,0.10458453608247423,1,1
2025-05-12 08:14:50,grep,1.0166666666666666,0.99543368,0.00003638948412903689,0.0983405128205128,1,1
2025-05-12 08:14:56,grep,1.0166666666666666,0.99543368,0.00003638948412903689,0.09886992287917738,1,1
2025-05-12 08:15:02,grep,1.0166666666666666,0.99543368,0.00003638948412903689,9.53846153846154e-05,1,1
2025-05-12 08:15:08,grep,1.0166666666666666,0.90009954,0.00002167585031299979,0.0001,1,1
2025-05-12 08:15:14,grep,1.0166666666666666,0.90009954,0.00002167585031299979,0.00012512820512820512,1,1
2025-05-12 08:15:20,grep,1.0166666666666666,0.90009954,0.00002167585031299979,0.0001076923076923077,1,1
2025-05-12 08:15:26,grep,1.0166666666666666,0.90009954,0.00002167585031299979,0.0970879177377892,1,1
2025-05-12 08:15:32,grep,1.0166666666666666,0.90009954,0.00002167585031299979,0.10168969072164949,1,1
2025-05-12 08:15:38,grep,0.9,0.948840619,0.000058370427555093345,0.09820153452685423,1,1
2025-05-12 08:15:44,grep,0.9,0.948840619,0.000058370427555093345,0.09291122448979591,1,1
2025-05-12 08:15:50,grep,0.9,0.999856945,0.000023510916025173168,0.10232327365728901,1,1
2025-05-12 08:15:56,grep,0.9,0.999856945,0.000023510916025173168,0.09874961439588689,1,1
2025-05-12 08:16:03,grep,0.9,0.999856945,0.000023510916025173168,0.10231731266149872,1,1
2025-05-12 08:16:09,grep,0.9,0.948041512,0.00006928235683275176,0.10170687022900764,1,1
2025-05-12 08:16:15,grep,0.9,0.948041512,0.00006928235683275176,0.00010515463917525773,1,1
2025-05-12 08:16:21,grep,0.9,0.901593496,0.00003231161426840064,9.641025641025641e-05,1,1
2025-05-12 08:16:27,grep,0.9,0.901593496,0.00003231161426840064,9.768637532133678e-05,1,1
2025-05-12 08:16:33,grep,0.9,0.901593496,0.00003231161426840064,9.002557544757034e-05,1,1
2025-05-12 08:16:39,grep,0.9,0.901593496,0.00003231161426840064,9.460154241645244e-05,1,1
2025-05-12 08:16:45,grep,0.9,0.901593496,0.00003231161426840064,9.974554707379134e-05,1,1
2025-05-12 08:16:51,grep,0.9,0.901593496,0.00003231161426840064,0.00010153846153846155,1,1
2025-05-12 08:16:57,grep,0.9,0.901593496,0.00003231161426840064,9.198966408268734e-05,1,1
2025-05-12 08:17:03,grep,0.9,0.901593496,0.00003231161426840064,0.00010256410256410256,1,1
2025-05-12 08:17:09,grep,0.9,0.901593496,0.00003231161426840064,9.974293059125965e-05,1,1
2025-05-12 08:17:15,grep,0.9,0.901593496,0.00003231161426840064,0.09632248062015504,1,1
2025-05-12 08:17:21,grep,0.7666666666666667,1.000615287,0.000027385900239991595,0.10593007712082264,1,6
2025-05-12 08:17:27,grep,0.7666666666666667,1.000615287,0.000027385900239991595,0.09635886889460155,1,6
2025-05-12 08:17:33,grep,0.7666666666666667,1.000615287,0.000027385900239991595,0.10047668393782383,1,6
2025-05-12 08:17:39,grep,0.7666666666666667,0.996985847,0.00002379829634470304,0.10300618556701031,1,6
2025-05-12 08:17:45,grep,0.7666666666666667,0.996985847,0.00002379829634470304,0.10087692307692307,1,6
2025-05-12 08:17:51,grep,0.7666666666666667,0.996441,0.000025655965450115664,0.09375267175572519,1,6
2025-05-12 08:17:57,grep,0.7666666666666667,0.996441,0.000025655965450115664,0.09835396419437341,1,6
2025-05-12 08:18:03,grep,0.7666666666666667,0.996441,0.000025655965450115664,0.10276428571428571,1,6
2025-05-12 08:18:09,grep,0.7666666666666667,0.94795727,0.00002907283069636248,0.10331369509043928,1,6
2025-05-12 08:18:15,grep,0.7666666666666667,0.94795727,0.00002907283069636248,0.10083580562659847,1,6
2025-05-12 08:18:21,grep,1.0166666666666666,1.096697584,0.000033970409050892335,0.09735629820051414,1,1
2025-05-12 08:18:27,grep,1.0166666666666666,1.096697584,0.000033970409050892335,0.09355601023017902,1,1
2025-05-12 08:18:33,grep,1.0166666666666666,1.096697584,0.000033970409050892335,0.10430362694300518,1,1
2025-05-12 08:18:39,grep,1.0166666666666666,0.950258677,0.000028794041555249607,0.0949557251908397,1,1
2025-05-12 08:18:46,grep,1.0166666666666666,0.950258677,0.000028794041555249607,0.10172615384615384,1,1
2025-05-12 08:18:52,grep,1.0166666666666666,0.997079355,0.000027867164383485593,0.10290155440414507,1,1
2025-05-12 08:18:58,grep,1.0166666666666666,0.997079355,0.000027867164383485593,0.10135629820051414,1,1
2025-05-12 08:19:04,grep,1.0166666666666666,0.997079355,0.000027867164383485593,0.09981128205128204,1,1
2025-05-12 08:19:10,grep,1.0166666666666666,0.949221605,0.00003087151037590803,0.0957673469387755,1,1
2025-05-12 08:19:16,grep,1.0166666666666666,0.949221605,0.00003087151037590803,0.10275167095115681,1,1
2025-05-12 08:19:22,grep,1.05,2.9996270579999997,1.8580768030227728,0.0922294573643411,1,10
2025-05-12 08:19:28,grep,1.05,2.9996270579999997,1.8580768030227728,0.10424164524421593,1,10
2025-05-12 08:19:34,grep,1.05,5.945886156,4.9461853442617825,0.1023238578680203,1,8
2025-05-12 08:19:40,grep,1.05,5.945886156,4.9461853442617825,0.10010992366412214,1,8
2025-05-12 08:19:46,grep,1.05,5.945886156,4.9461853442617825,0.1021979381443299,1,8
2025-05-12 08:19:52,grep,1.05,7.046773291,6.044513326590669,0.10336349614395887,1,8
2025-05-12 08:19:58,grep,1.05,7.046773291,6.044513326590669,0.09973128205128205,1,8
2025-05-12 08:20:04,grep,1.05,6.9431915239999995,5.95592541668776,0.10104859335038363,1,8
2025-05-12 08:20:10,grep,1.05,6.9431915239999995,5.95592541668776,0.10200205655526991,1,8
2025-05-12 08:20:16,grep,1.05,6.9431915239999995,5.95592541668776,0.10132956298200516,1,8
2025-05-12 08:20:22,grep,1.0833333333333333,6.896426695,5.570340599082755,0.10097731958762887,1,8
2025-05-12 08:20:28,grep,1.0833333333333333,6.896426695,5.570340599082755,0.10150383631713555,1,8
2025-05-12 08:20:34,grep,1.0833333333333333,6.947817324,5.956604350086681,0.10064000000000001,1,8
2025-05-12 08:20:40,grep,1.0833333333333333,6.947817324,5.956604350086681,0.09968123393316196,1,8
2025-05-12 08:20:46,grep,1.0833333333333333,6.947817324,5.956604350086681,0.1033299232736573,1,8
2025-05-12 08:20:52,grep,1.0833333333333333,6.900353991,6.2447372337734635,0.10400102564102565,1,8
2025-05-12 08:20:58,grep,1.0833333333333333,6.900353991,6.2447372337734635,0.10247357512953367,1,8
2025-05-12 08:21:04,grep,1.0833333333333333,7.099595696,6.085930903408631,0.09853092783505155,1,8
2025-05-12 08:21:10,grep,1.0833333333333333,7.099595696,6.085930903408631,0.10349667519181585,1,8
2025-05-12 08:21:16,grep,1.0833333333333333,7.099595696,6.085930903408631,0.09991237113402061,1,8
2025-05-12 08:21:22,grep,1.0166666666666666,6.800663614,6.145761423494652,0.09791897435897436,1,8
2025-05-12 08:21:28,grep,1.0166666666666666,6.800663614,6.145761423494652,0.09818414322250639,1,8
2025-05-12 08:21:35,grep,1.0166666666666666,5.94774591,4.948502839140772,0.10326666666666667,1,8
2025-05-12 08:21:41,grep,1.0166666666666666,5.94774591,4.948502839140772,0.09945912596401028,1,8
2025-05-12 08:21:47,grep,1.0166666666666666,5.94774591,4.948502839140772,0.1000318766066838,1,8
2025-05-12 08:21:53,grep,1.0166666666666666,6.096550289,4.804107019462829,0.10435051546391753,1,8
2025-05-12 08:21:59,grep,1.0166666666666666,6.096550289,4.804107019462829,0.0987621483375959,1,8
2025-05-12 08:22:05,grep,1.0166666666666666,5.947298511,5.251703881963453,0.10207506426735219,1,8
2025-05-12 08:22:11,grep,1.0166666666666666,5.947298511,5.251703881963453,0.09898367346938777,1,8
2025-05-12 08:22:17,grep,1.0166666666666666,5.947298511,5.251703881963453,0.10250918367346937,1,8
2025-05-12 08:22:23,grep,0.9833333333333333,6.196740263,5.197486136654032,0.09580565552699229,1,8
2025-05-12 08:22:29,grep,0.9833333333333333,6.196740263,5.197486136654032,0.09874858611825194,1,8
2025-05-12 08:22:35,grep,0.9833333333333333,5.895315355,5.203075832485032,0.09428717948717949,1,8
2025-05-12 08:22:41,grep,0.9833333333333333,5.895315355,5.203075832485032,0.10003350253807106,1,8
2025-05-12 08:22:47,grep,0.9833333333333333,5.895315355,5.203075832485032,0.09842268041237114,1,8
2025-05-12 08:22:53,grep,0.9833333333333333,5.995154046,5.306422911229967,0.10045846153846155,1,8
2025-05-12 08:22:59,grep,0.9833333333333333,5.995154046,5.306422911229967,0.09948762886597938,1,8
2025-05-12 08:23:05,grep,0.9833333333333333,6.146920119,5.146991989630343,0.09931825192802055,1,8
2025-05-12 08:23:11,grep,0.9833333333333333,6.146920119,5.146991989630343,0.09722365038560411,1,8
2025-05-12 08:23:17,grep,0.9833333333333333,6.146920119,5.146991989630343,0.10023384615384616,1,8
2025-05-12 08:23:23,grep,1,6.182474967,4.903489044712327,0.09937319587628866,1,8
2025-05-12 08:23:29,grep,1,6.182474967,4.903489044712327,0.1018574358974359,1,8
2025-05-12 08:23:35,grep,1,5.8028467070000005,5.4143910130042565,0.09322879177377892,1,8
2025-05-12 08:23:41,grep,1,5.8028467070000005,5.4143910130042565,0.0943764705882353,1,8
2025-05-12 08:23:47,grep,1,5.8028467070000005,5.4143910130042565,0.10092609819121448,1,8
2025-05-12 08:23:53,grep,1,5.898188142,4.926439222938863,0.0951452196382429,1,8
2025-05-12 08:23:59,grep,1,5.898188142,4.926439222938863,0.10171589743589743,1,8
2025-05-12 08:24:05,grep,1,6.148793923,5.137883289181866,0.09974833759590793,1,8
2025-05-12 08:24:12,grep,1,6.148793923,5.137883289181866,0.10267763496143958,1,8
2025-05-12 08:24:18,grep,1,6.148793923,5.137883289181866,0.09340966921119592,1,8
2025-05-12 08:24:24,grep,0.9833333333333333,5.148583546,3.8994631730515708,0.10563711340206186,1,8
2025-05-12 08:24:30,grep,0.9833333333333333,5.148583546,3.8994631730515708,0.09881230769230769,1,8
2025-05-12 08:24:36,grep,0.9833333333333333,4.947735445,4.207939222844703,0.10201542416452442,1,8
2025-05-12 08:24:42,grep,0.9833333333333333,4.947735445,4.207939222844703,0.10058969072164949,1,8
2025-05-12 08:24:48,grep,0.9833333333333333,4.947735445,4.207939222844703,0.10036326530612244,1,8
2025-05-12 08:24:54,grep,0.9833333333333333,5.048883155,3.8146549578109075,0.09897835051546391,1,8
2025-05-12 08:25:00,grep,0.9833333333333333,5.048883155,3.8146549578109075,0.09640508905852417,1,8
2025-05-12 08:25:06,grep,0.9833333333333333,5.248032968,4.270530692065784,0.10044832904884318,1,8
2025-05-12 08:25:12,grep,0.9833333333333333,5.248032968,4.270530692065784,0.09826598465473146,1,8
2025-05-12 08:25:18,grep,0.9833333333333333,5.248032968,4.270530692065784,0.10407938144329897,1,8
2025-05-12 08:25:24,grep,1,4.845740673,3.860092418991248,0.09622051282051283,1,8
2025-05-12 08:25:30,grep,1,4.845740673,3.860092418991248,0.09605758354755783,1,8
2025-05-12 08:25:36,grep,1,4.950262604,4.201077028125023,0.10458461538461539,1,8
2025-05-12 08:25:42,grep,1,4.950262604,4.201077028125023,0.10123012987012987,1,8
2025-05-12 08:25:48,grep,1,4.950262604,4.201077028125023,0.10208659793814431,1,8
2025-05-12 08:25:54,grep,1,4.946242387,3.9489058584395766,0.09795463917525775,1,8
2025-05-12 08:26:00,grep,1,4.946242387,3.9489058584395766,0.10051048593350384,1,8
2025-05-12 08:26:06,grep,1,2.047916548,1.147930552393895,0.09907076923076924,1,9
2025-05-12 08:26:12,grep,1,2.047916548,1.147930552393895,0.10141892583120204,1,9
2025-05-12 08:26:18,grep,1,2.047916548,1.147930552393895,9.544235924932976e-05,1,9
2025-05-12 08:26:24,grep,1,1.045294839,0.000033238617003570424,9.514066496163683e-05,1,1
2025-05-12 08:26:30,grep,1,1.045294839,0.000033238617003570424,9.616368286445013e-05,1,1
2025-05-12 08:26:36,grep,1,1.045294839,0.000033238617003570424,0.00010510204081632653,1,1
2025-05-12 08:26:43,grep,1,1.045294839,0.000033238617003570424,0.00011989664082687338,1,1
2025-05-12 08:26:49,grep,1,1.045294839,0.000033238617003570424,9.587628865979381e-05,1,1
