timestamp,function,workload,pressure,queue_length,utilization,response_time,service_time,theoretical_utilization,n_instances,action
2025-05-21 20:33:17,grep,None,0,0,0.0,None,None,0,0,1
2025-05-21 20:33:24,grep,None,0,0,0.00011253196930946292,None,None,0,1,1
2025-05-21 20:33:30,grep,None,0,0,0.00011788413098236776,None,None,0,1,1
2025-05-21 20:33:36,grep,None,0,0,0.04561340206185567,None,None,0,1,1
2025-05-21 20:33:42,grep,None,1.0,7.1843199271105,0.038870103092783506,0.008156305,0.000996577,0,1,2
2025-05-21 20:33:48,grep,50.71933035265014,1.0,7.1843199271105,0.04805670103092783,0.008156305,0.000996577,0.05054571808485302,1,1
2025-05-21 20:33:54,grep,50.71933035265014,1.0,7.1843199271105,0.05044410256410256,0.008156305,0.000996577,0.05054571808485302,1,1
2025-05-21 20:34:00,grep,99.14574992900631,0.6724052202852889,3.2204052576456337,0.04851576227390181,0.00494442,0.001171551,0.11615430247507728,1,1
2025-05-21 20:34:06,grep,99.14574992900631,0.7195493419171305,3.2204052576456337,0.046352699228791774,0.00494442,0.001171551,0.11615430247507728,1,1
2025-05-21 20:34:12,grep,120.17328434173218,0.775186149323917,2.6511479824803303,0.04891794871794872,0.005097532,0.001396145,0.16777933006728768,1,1
2025-05-21 20:34:18,grep,120.17328434173218,0.8009083330956005,2.6511479824803303,0.04646839378238342,0.005097532,0.001396145,0.16777933006728768,1,1
2025-05-21 20:34:24,grep,120.17328434173218,0.8213487957013637,2.6511479824803303,0.0501758354755784,0.005097532,0.001396145,0.16777933006728768,1,1
2025-05-21 20:34:30,grep,129.03516365232554,0.8722865592688371,3.9733440852989275,0.05214498714652956,0.0053286,0.001071432,0.13825240346233844,1,1
2025-05-21 20:34:36,grep,129.03516365232554,0.8835709478569275,3.9733440852989275,0.05511611253196931,0.0053286,0.001071432,0.13825240346233844,1,1
2025-05-21 20:34:42,grep,134.57139355314905,0.3964847186560141,0.902465095599544,0.056160411311053975,0.002255009,0.001185309,0.15950868392108955,1,1
2025-05-21 20:34:48,grep,134.57139355314905,0.41748106906014937,0.902465095599544,0.047784061696658095,0.002255009,0.001185309,0.15950868392108955,1,1
2025-05-21 20:34:54,grep,134.57139355314905,0.43706560675213646,0.902465095599544,0.05393782383419689,0.002255009,0.001185309,0.15950868392108955,1,1
2025-05-21 20:35:00,grep,139.81487505306376,0.7604277574676569,2.0453781525891075,0.06335670103092783,0.003852379,0.001264992,0.17686469842312522,1,1
2025-05-21 20:35:06,grep,139.81487505306376,0.7727700409118612,2.0453781525891075,0.04802790697674419,0.003852379,0.001264992,0.17686469842312522,1,1
2025-05-21 20:35:12,grep,144.56861508401647,1.41031712241031,6.264819333778232,0.05779641943734015,0.007228379,0.000994984,0.14384345891075503,1,1
2025-05-21 20:35:18,grep,144.56861508401647,1.3770795162665066,6.264819333778232,0.05447179487179487,0.007228379,0.000994984,0.14384345891075503,1,1
2025-05-21 20:35:24,grep,144.56861508401647,1.3488232050613087,6.264819333778232,0.05459378238341969,0.007228379,0.000994984,0.14384345891075503,1,1
2025-05-21 20:35:30,grep,150.42017937856707,0.2637874937755933,0.3336590318994741,0.05142176165803109,0.001358097,0.001018324,0.15317647874549992,1,1
2025-05-21 20:35:37,grep,150.42017937856707,0.2738687746226715,0.3336590318994741,0.055104370179948584,0.001358097,0.001018324,0.15317647874549992,1,1
2025-05-21 20:35:43,grep,156.0048319593248,0.4156744731532077,0.8196394679148977,0.06205964010282776,0.002002788,0.001100651,0.17170687430086282,1,1
2025-05-21 20:35:49,grep,156.0048319593248,0.42701612880951195,0.8196394679148977,0.06891589743589743,0.002002788,0.001100651,0.17170687430086282,1,1
2025-05-21 20:35:55,grep,156.0048319593248,0.43792588841109104,0.8196394679148977,0.06462680412371134,0.002002788,0.001100651,0.17170687430086282,1,1
2025-05-21 20:36:01,grep,157.98700357041793,0.601434840336173,0.17801150684812123,0.053435233160621765,0.002703719,0.002295155,0.36260466117966256,1,1
2025-05-21 20:36:07,grep,157.98700357041793,0.6111786205149189,0.17801150684812123,0.06378659793814433,0.002703719,0.002295155,0.36260466117966256,1,1
2025-05-21 20:36:13,grep,157.57544426446609,0.39527682319715146,0.8131373202865645,0.0830961439588689,0.001707319,0.000941638,0.1483790261863033,1,1
2025-05-21 20:36:19,grep,157.57544426446609,0.40433272580584273,0.8131373202865645,0.06074358974358975,0.001707319,0.000941638,0.1483790261863033,1,1
2025-05-21 20:36:25,grep,157.57544426446609,0.4131214007594738,0.8131373202865645,0.05575526992287918,0.001707319,0.000941638,0.1483790261863033,1,1
2025-05-21 20:36:31,grep,162.3342100621165,0.31750436118803804,0.42382970114778995,0.06364307692307693,0.001280937,0.000899642,0.1460426734087026,1,1
2025-05-21 20:36:37,grep,162.3342100621165,0.32489569092555437,0.42382970114778995,0.062439074550128544,0.001280937,0.000899642,0.1460426734087026,1,1
2025-05-21 20:36:43,grep,167.10816150952638,0.7617160808414575,1.5799145709889455,0.06543650385604113,0.002979484,0.001154877,0.19298937223963727,1,1
2025-05-21 20:36:49,grep,167.10816150952638,0.7674306553489246,1.5799145709889455,0.0721774358974359,0.002979484,0.001154877,0.19298937223963727,1,1
2025-05-21 20:36:55,grep,167.10816150952638,0.7728775531071568,1.5799145709889455,0.06495729166666667,0.002979484,0.001154877,0.19298937223963727,1,1
2025-05-21 20:37:01,grep,170.3145303756889,0.6264345635908042,0.21900652204098636,0.05615400516795866,0.002387907,0.001958896,0.33362845229481547,1,1
2025-05-21 20:37:07,grep,170.3145303756889,0.6331928193592357,0.21900652204098636,0.0672020618556701,0.002387907,0.001958896,0.33362845229481547,1,1
2025-05-21 20:37:13,grep,172.4020109740312,0.3916192874424664,0.4285343147867504,0.06185128205128205,0.001451648,0.00101618,0.17519147551159103,1,1
2025-05-21 20:37:19,grep,172.4020109740312,0.3981662239572627,0.4285343147867504,0.05346907216494845,0.001451648,0.00101618,0.17519147551159103,1,1
2025-05-21 20:37:25,grep,172.4020109740312,0.404573754225508,0.4285343147867504,0.06553178294573643,0.001451648,0.00101618,0.17519147551159103,1,1
2025-05-21 20:37:31,grep,174.61408013104568,1.8254155774843146,3.946563842119301,0.0645119170984456,0.006695189,0.001353503,0.23634068129961072,1,1
2025-05-21 20:37:37,grep,174.61408013104568,1.7885089978028808,3.946563842119301,0.06972953367875648,0.006695189,0.001353503,0.23634068129961072,1,1
2025-05-21 20:37:43,grep,173.7081861990085,0.9994393506809367,2.181647403390937,0.07686304909560723,0.003741296,0.001175899,0.20426328244322792,1,1
2025-05-21 20:37:50,grep,173.7081861990085,0.9994526921683485,2.181647403390937,0.07611752577319587,0.003741296,0.001175899,0.20426328244322792,1,1
2025-05-21 20:37:56,grep,173.7081861990085,0.9994654134531915,2.181647403390937,0.0834765306122449,0.003741296,0.001175899,0.20426328244322792,1,1
2025-05-21 20:38:02,grep,173.0227101499434,0.5325335105947251,0.3081630459875339,0.06369072164948454,0.001971993,0.001507452,0.2608234304609525,1,1
2025-05-21 20:38:08,grep,173.0227101499434,0.5381236163233641,0.3081630459875339,0.07770880829015545,0.001971993,0.001507452,0.2608234304609525,1,1
2025-05-21 20:38:14,grep,176.97030822147548,1.0732894025937643,2.39513304537573,0.06553657289002558,0.003939563,0.001160356,0.2053485589666384,1,1
2025-05-21 20:38:20,grep,176.97030822147548,1.0716183755607145,2.39513304537573,0.06720519480519481,0.003939563,0.001160356,0.2053485589666384,1,1
2025-05-21 20:38:26,grep,176.97030822147548,4.57651258437846,13.95541931695459,0.07020258397932816,0.018210242,0.001217635,0.2154852412512563,1,1
2025-05-21 20:38:32,grep,178.29887256920156,4.265195723559145,13.95541931695459,0.00011369509043927648,0.018210242,0.001217635,0.21710294770079971,1,1
2025-05-21 20:38:38,grep,178.29887256920156,4.003736084717561,13.95541931695459,0.06480829015544042,0.018210242,0.001217635,0.21710294770079971,1,1
2025-05-21 20:38:44,grep,179.17011806225383,0.7930721560169071,2.691606754551471,0.06020307692307692,0.003592273,0.000973092,0.17434900852543472,1,1
2025-05-21 20:38:50,grep,179.17011806225383,0.7962407016261199,2.691606754551471,0.054912082262210796,0.003592273,0.000973092,0.17434900852543472,1,1
2025-05-21 20:38:56,grep,179.17011806225383,0.4140490771846053,1.0250646541564483,0.06349690721649484,0.001847185,0.000912161,0.16343199406178352,1,1
2025-05-21 20:39:02,grep,179.32114242079967,0.41859118629370135,1.0250646541564483,0.07173161953727507,0.001847185,0.000912161,0.16356975259169904,1,1
2025-05-21 20:39:08,grep,179.32114242079967,0.4230634190315498,1.0250646541564483,0.0835228791773779,0.001847185,0.000912161,0.16356975259169904,1,1
2025-05-21 20:39:14,grep,179.4754474665229,0.4206512433708716,0.7679952918516934,0.06579896907216495,0.001817508,0.001028005,0.18450165737282287,1,1
2025-05-21 20:39:20,grep,179.4754474665229,0.42497065070578866,0.7679952918516934,0.07135257731958763,0.001817508,0.001028005,0.18450165737282287,1,1
2025-05-21 20:39:26,grep,179.4754474665229,0.9884411583294578,2.436421822392026,0.05959381443298969,0.004226493,0.001229911,0.22073882706899864,1,1
2025-05-21 20:39:32,grep,179.49139850848198,0.9886348443232802,2.436421822392026,0.051971282051282056,0.004226493,0.001229911,0.22075844543096557,1,1
2025-05-21 20:39:38,grep,179.49139850848198,0.9888221462837653,2.436421822392026,0.0665120822622108,0.004226493,0.001229911,0.22075844543096557,1,1
2025-05-21 20:39:44,grep,178.7253866527817,2.083525997784982,5.76183687939561,0.0828857881136951,0.009069334,0.001341253,0.23971596102420342,1,1
2025-05-21 20:39:50,grep,178.7253866527817,2.0477392444297524,5.76183687939561,0.07133641025641026,0.009069334,0.001341253,0.23971596102420342,1,1
2025-05-21 20:39:56,grep,178.7253866527817,0.42384490929153107,1.0566060268301418,0.060734883720930236,0.001859904,0.000904356,0.16163137577176306,1,1
2025-05-21 20:40:03,grep,177.00375451498013,0.42769520254493504,1.0566060268301418,0.06560102827763496,0.001859904,0.000904356,0.16007440741814938,1,1
2025-05-21 20:40:09,grep,177.00375451498013,0.431494376417219,1.0566060268301418,0.0654025706940874,0.001859904,0.000904356,0.16007440741814938,1,1
2025-05-21 20:40:15,grep,175.7143637361561,1.3131979145097432,4.097066567254596,0.06021122448979592,0.005687786,0.001115894,0.1960786042069942,1,1
2025-05-21 20:40:21,grep,175.7143637361561,1.3070878074147667,4.097066567254596,0.05571457800511509,0.005687786,0.001115894,0.1960786042069942,1,1
2025-05-21 20:40:27,grep,175.7143637361561,0.8739843820079316,2.3536463404075616,0.0752135064935065,0.003795999,0.001131902,0.19889143974168255,1,1
2025-05-21 20:40:33,grep,170.73318200030195,0.8755834717513574,2.3536463404075616,0.07936658097686375,0.003795999,0.001131902,0.19325323017250576,1,1
2025-05-21 20:40:39,grep,170.73318200030195,0.8771424863646841,2.3536463404075616,0.07789375,0.003795999,0.001131902,0.19325323017250576,1,1
2025-05-21 20:40:45,grep,168.9625573241303,1.2971463747789502,3.9846867183210297,0.06307043701799486,0.005637576,0.001130979,0.19109310411988759,1,1
2025-05-21 20:40:51,grep,168.9625573241303,1.2918150116180154,3.9846867183210297,0.00010843989769820972,0.005637576,0.001130979,0.19109310411988759,1,1
2025-05-21 20:40:57,grep,158.68805999345005,0.8292883460537036,2.046364796133609,0.06620310880829015,0.003610515,0.001185188,0.18807518444751709,1,1
2025-05-21 20:41:03,grep,158.68805999345005,0.8312058667060719,2.046364796133609,0.06062961038961039,0.003610515,0.001185188,0.18807518444751709,1,1
2025-05-21 20:41:09,grep,158.68805999345005,0.8330807887019755,2.046364796133609,0.07189587628865979,0.003610515,0.001185188,0.18807518444751709,1,1
2025-05-21 20:41:15,grep,157.08905691075373,0.48269413846383413,0.28077784935564515,0.07888367346938775,0.002077633,0.001622165,0.25482437000363284,1,1
2025-05-21 20:41:21,grep,157.08905691075373,0.4859589359447444,0.28077784935564515,0.07128979591836734,0.002077633,0.001622165,0.25482437000363284,1,1
2025-05-21 20:41:27,grep,154.19912455901627,1.076106224160037,1.3538398159558434,0.08332571428571428,0.004605257,0.001956487,0.30168858261109605,1,1
2025-05-21 20:41:33,grep,154.19912455901627,1.075070533539614,1.3538398159558434,0.057769948186528496,0.004605257,0.001956487,0.30168858261109605,1,1
2025-05-21 20:41:39,grep,154.19912455901627,1.0740626528345734,1.3538398159558434,0.05718461538461538,0.004605257,0.001956487,0.30168858261109605,1,1
2025-05-21 20:41:45,grep,154.3938163603333,1.0337524847411006,3.366014268863512,0.05328659793814433,0.00443429,0.001015638,0.15680822686057616,1,1
2025-05-21 20:41:51,grep,154.3938163603333,1.0333271510959796,3.366014268863512,0.05613913043478261,0.00443429,0.001015638,0.15680822686057616,1,1
2025-05-21 20:41:57,grep,153.12146969440101,1.684571154491995,5.56316145336751,0.06249119170984456,0.007289815,0.001110717,0.17007461945455601,1,1
2025-05-21 20:42:03,grep,153.12146969440101,1.6709534576160119,5.56316145336751,0.06287731958762886,0.007289815,0.001110717,0.17007461945455601,1,1
2025-05-21 20:42:09,grep,153.12146969440101,1.657866968500917,5.56316145336751,0.05624020618556701,0.007289815,0.001110717,0.17007461945455601,1,1
2025-05-21 20:42:15,grep,148.6407837618779,1.0267001907064526,3.61179703680102,0.05956779220779221,0.004515927,0.000979212,0.145550839149036,1,1
2025-05-21 20:42:22,grep,148.6407837618779,1.0263851943796913,3.61179703680102,0.06915025906735751,0.004515927,0.000979212,0.145550839149036,1,1
2025-05-21 20:42:28,grep,144.14478057746652,1.1812678684943307,3.3791389934996956,0.05614270833333333,0.005208237,0.001189329,0.17143556773941768,1,1
2025-05-21 20:42:34,grep,144.14478057746652,1.1788668496059411,3.3791389934996956,0.050278756476683936,0.005208237,0.001189329,0.17143556773941768,1,1
2025-05-21 20:42:40,grep,144.14478057746652,1.1765286055487656,3.3791389934996956,0.050144615384615385,0.005208237,0.001189329,0.17143556773941768,1,1
2025-05-21 20:42:46,grep,139.2573848385027,0.8907114042601565,1.6351773266045444,0.053775257731958764,0.003938204,0.001494474,0.20811654094913648,1,1
2025-05-21 20:42:52,grep,139.2573848385027,0.8917707561477789,1.6351773266045444,0.05642365038560411,0.003938204,0.001494474,0.20811654094913648,1,1
2025-05-21 20:42:58,grep,136.16140849102717,1.2837461713359395,4.627283981036463,0.046351546391752575,0.00568677,0.001010571,0.13760077074018584,1,1
2025-05-21 20:43:04,grep,136.16140849102717,1.279882747618963,4.627283981036463,0.051403092783505154,0.00568677,0.001010571,0.13760077074018584,1,1
2025-05-21 20:43:10,grep,136.16140849102717,1.276123117677115,4.627283981036463,0.04720515463917527,0.00568677,0.001010571,0.13760077074018584,1,1
2025-05-21 20:43:16,grep,129.4756074425582,0.5095636601243922,1.1615834842739492,0.049034625322997426,0.002259099,0.001045113,0.13531664052111436,1,1
2025-05-21 20:43:22,grep,129.4756074425582,0.5121531292601674,1.1615834842739492,0.04283084832904884,0.002259099,0.001045113,0.13531664052111436,1,1
2025-05-21 20:43:28,grep,124.41999544557487,0.30905462356614466,0.3194290242744614,0.0477319587628866,0.001353593,0.001025893,0.12764160238764713,1,1
2025-05-21 20:43:34,grep,124.41999544557487,0.3112267516985552,0.3194290242744614,0.04824742268041237,0.001353593,0.001025893,0.12764160238764713,1,1
2025-05-21 20:43:40,grep,124.41999544557487,0.3133852655719331,0.3194290242744614,0.042705943152454774,0.001353593,0.001025893,0.12764160238764713,1,1
2025-05-21 20:43:46,grep,119.64227962960959,0.6311770647656981,0.2682032766341499,0.05084559585492228,0.002716201,0.002141771,0.2562463648845886,1,1
2025-05-21 20:43:52,grep,119.64227962960959,0.6334676274099851,0.2682032766341499,0.04568497409326425,0.002716201,0.002141771,0.2562463648845886,1,1
2025-05-21 20:43:58,grep,115.40769847473737,1.2625154324267607,2.6517807701183993,0.045435051546391755,0.005427419,0.001486239,0.1715234223733952,1,1
2025-05-21 20:44:04,grep,115.40769847473737,1.259336631461578,2.6517807701183993,0.052024870466321246,0.005427419,0.001486239,0.1715234223733952,1,1
2025-05-21 20:44:10,grep,115.40769847473737,1.2562338936871333,2.6517807701183993,0.04521030927835051,0.005427419,0.001486239,0.1715234223733952,1,1
2025-05-21 20:44:16,grep,110.51296295791208,0.3663186470401519,0.2538106992080121,0.042442268041237116,0.001573145,0.001254691,0.13865962000662568,1,1
2025-05-21 20:44:22,grep,110.51296295791208,0.36850100418876314,0.2538106992080121,0.039355208333333336,0.001573145,0.001254691,0.13865962000662568,1,1
2025-05-21 20:44:28,grep,105.66864956742124,1.1559081208476294,4.120162500207218,0.03616434108527132,0.004941817,0.000965168,0.10198799916568882,1,1
2025-05-21 20:44:34,grep,105.66864956742124,1.1542571294711996,4.120162500207218,0.04264806201550388,0.004941817,0.000965168,0.10198799916568882,1,1
2025-05-21 20:44:41,grep,105.66864956742124,1.1526407380932921,4.120162500207218,0.0363639175257732,0.004941817,0.000965168,0.10198799916568882,1,1
2025-05-21 20:44:47,grep,101.3683378122694,1.276985022351479,2.695879065382802,0.03801653746770026,0.00548875,0.0014851,0.1505421184850013,1,1
2025-05-21 20:44:53,grep,101.3683378122694,1.273834726457017,2.695879065382802,0.035261139896373056,0.00548875,0.0014851,0.1505421184850013,1,1
2025-05-21 20:44:59,grep,94.92777462532273,0.9475734361959566,3.1258886615281343,0.026838874680306907,0.004081032,0.000989128,0.09389571985959622,1,1
2025-05-21 20:45:05,grep,94.92777462532273,0.9480094087903144,3.1258886615281343,0.030990180878552973,0.004081032,0.000989128,0.09389571985959622,1,1
2025-05-21 20:45:11,grep,94.92777462532273,0.33425077722919116,0.26682152035266254,0.023560305343511452,0.001430543,0.001129238,0.10719605036235019,1,1
2025-05-21 20:45:17,grep,90.04349297266772,0.3361801884288242,0.26682152035266254,0.034900258397932815,0.001430543,0.001129238,0.10168053391746935,1,1
2025-05-21 20:45:23,grep,90.04349297266772,0.33809844867232997,0.26682152035266254,0.025127179487179484,0.001430543,0.001129238,0.10168053391746935,1,1
2025-05-21 20:45:29,grep,85.90791236728492,1.582672156258459,4.431792556458518,0.02658005115089514,0.006730029,0.001239007,0.1064405047784526,1,1
2025-05-21 20:45:35,grep,85.90791236728492,1.5749605122442467,4.431792556458518,0.025938303341902315,0.006730029,0.001239007,0.1064405047784526,1,1
2025-05-21 20:45:41,grep,85.90791236728492,2.2175193484641897,7.719382467107841,0.02525655526992288,0.009573725,0.001097982,0.09432534143685622,1,1
2025-05-21 20:45:47,grep,80.79643501985677,2.195428630809784,7.719382467107841,0.0001288659793814433,0.009573725,0.001097982,0.08871303131597237,1,1
2025-05-21 20:45:53,grep,80.79643501985677,2.1741252572078746,7.719382467107841,9.693877551020408e-05,0.009573725,0.001097982,0.08871303131597237,1,1
2025-05-21 20:45:59,grep,58.40250476881778,0.9142084431677143,1.5062724204141489,0.0001087179487179487,0.004022873,0.001605122,0.09374314525953434,1,1
2025-05-21 20:46:05,grep,58.40250476881778,0.9148413920974129,1.5062724204141489,0.00010127877237851663,0.004022873,0.001605122,0.09374314525953434,1,1
2025-05-21 20:46:11,grep,58.40250476881778,0.9154650699449325,1.5062724204141489,0.0001223650385604113,0.004022873,0.001605122,0.09374314525953434,1,1
2025-05-21 20:46:17,grep,21.85293145036234,0.9160796789257488,1.5062724204141489,0.00010721649484536083,0.004022873,0.001605122,0.035076621035468505,1,1
2025-05-21 20:46:23,grep,21.85293145036234,0.9166854154169761,1.5062724204141489,0.00011369509043927648,0.004022873,0.001605122,0.035076621035468505,1,1
2025-05-21 20:46:29,grep,5.216702910306838,0.9172824701665637,1.5062724204141489,0.00010103092783505155,0.004022873,0.001605122,0.008373444608797532,1,9
2025-05-21 20:46:35,grep,5.216702910306838,0.9178710284935611,1.5062724204141489,0.00011105398457583547,0.004022873,0.001605122,0.008373444608797532,1,9
2025-05-21 20:46:41,grep,5.216702910306838,0.9184512704798939,1.5062724204141489,9.974293059125965e-05,0.004022873,0.001605122,0.008373444608797532,1,9
2025-05-21 20:46:47,grep,0.7639161093698473,0.9190233711540687,1.5062724204141489,0.00012196382428940569,0.004022873,0.001605122,0.001226178553303948,1,8
2025-05-21 20:46:53,grep,0.7639161093698473,0.9195875006671966,1.5062724204141489,0.0001329896907216495,0.004022873,0.001605122,0.001226178553303948,1,8
2025-05-21 20:47:00,grep,0.06700787415359315,0.9201438244617125,1.5062724204141489,0.0001275064267352185,0.004022873,0.001605122,0.00010755581297716375,1,2
2025-05-21 20:47:06,grep,0.06700787415359315,0.9206925034331372,1.5062724204141489,0.025536082474226805,0.004022873,0.001605122,0.00010755581297716375,1,2
2025-05-21 20:47:12,grep,0.06700787415359315,1.4378172222940926,3.757832544889229,0.031102842377260978,0.006302991,0.001324761,8.876941837158822e-05,1,2
2025-05-21 20:47:18,grep,24.167380593092506,1.4332033904749732,3.757832544889229,0.033138860103626946,0.006302991,0.001324761,0.03201600328188582,1,1
2025-05-21 20:47:24,grep,24.167380593092506,1.4286857880857604,3.757832544889229,0.02199064935064935,0.006302991,0.001324761,0.03201600328188582,1,1
2025-05-21 20:47:30,grep,48.694258236699845,1.224541878225994,2.113167546420815,0.03179640102827763,0.00541123,0.001738175,0.08463914231057576,1,1
2025-05-21 20:47:36,grep,48.694258236699845,1.2225669323608912,2.113167546420815,0.034106806282722515,0.00541123,0.001738175,0.08463914231057576,1,1
2025-05-21 20:47:42,grep,56.777187539296186,1.4148992266407374,4.24548607428551,0.02881841432225064,0.006281265,0.001197461,0.06798846776799315,1,1
2025-05-21 20:47:48,grep,56.777187539296186,1.4107480332508033,4.24548607428551,0.021460824742268042,0.006281265,0.001197461,0.06798846776799315,1,1
2025-05-21 20:47:54,grep,56.777187539296186,1.4066790848878967,4.24548607428551,0.03114344473007712,0.006281265,0.001197461,0.06798846776799315,1,1
2025-05-21 20:48:00,grep,57.13205887420037,1.8280668893772898,7.3451909912968185,0.02141827676240209,0.008210775,0.000983893,0.05621183280191362,1,1
2025-05-21 20:48:06,grep,57.13205887420037,1.817614760206661,7.3451909912968185,0.028439175257731958,0.008210775,0.000983893,0.05621183280191362,1,1
2025-05-21 20:48:12,grep,54.25917392939675,0.4261122603456086,0.09290468804420758,0.019349484536082474,0.001917251,0.001754271,0.09518529530829677,1,1
2025-05-21 20:48:18,grep,54.25917392939675,0.42779380568934294,0.09290468804420758,0.02331794871794872,0.001917251,0.001754271,0.09518529530829677,1,1
2025-05-21 20:48:24,grep,54.25917392939675,0.42946552564865614,0.09290468804420758,0.014934366925064599,0.001917251,0.001754271,0.09518529530829677,1,1
2025-05-21 20:48:30,grep,53.71544223556115,1.2446698861622445,2.1337479526622287,0.02065192802056555,0.005565809,0.001776087,0.0954032986538311,1,1
2025-05-21 20:48:36,grep,53.71544223556115,1.242629389576409,2.1337479526622287,0.025021875,0.005565809,0.001776087,0.0954032986538311,1,1
2025-05-21 20:48:42,grep,51.762760203657294,1.9368600956445206,6.778619179869076,0.03344081632653061,0.008730201,0.001122333,0.058095053947651305,1,1
2025-05-21 20:48:48,grep,51.762760203657294,1.9249171942754038,6.778619179869076,0.020412371134020623,0.008730201,0.001122333,0.058095053947651305,1,1
2025-05-21 20:48:54,grep,51.762760203657294,1.9132749515120493,6.778619179869076,0.02432020725388601,0.008730201,0.001122333,0.058095053947651305,1,1
2025-05-21 20:49:00,grep,50.4077644043157,1.2595848261091274,2.4409766010220246,0.027232207792207794,0.00575727,0.00167315,0.0843397510130808,1,1
2025-05-21 20:49:06,grep,50.4077644043157,1.2574652229193235,2.4409766010220246,0.02599897698209719,0.00575727,0.00167315,0.0843397510130808,1,1
2025-05-21 20:49:13,grep,48.57568027603883,1.1888023395665468,1.429898707773912,0.03568785529715762,0.00544958,0.002242719,0.10894160109299753,1,1
2025-05-21 20:49:19,grep,48.57568027603883,1.1873653052873265,1.429898707773912,0.02506077922077922,0.00544958,0.002242719,0.10894160109299753,1,1
2025-05-21 20:49:25,grep,48.57568027603883,1.18594998120908,1.429898707773912,0.010509278350515466,0.00544958,0.002242719,0.10894160109299753,1,1
2025-05-21 20:49:31,grep,50.7101085262012,0.2998090247163783,0.12200211877405608,0.021630927835051546,0.001371541,0.001222405,0.06198829021297098,1,1
2025-05-21 20:49:37,grep,50.7101085262012,0.3011351385930047,0.12200211877405608,0.025877720207253888,0.001371541,0.001222405,0.06198829021297098,1,1
2025-05-21 20:49:43,grep,55.28446499433586,0.9439373130835763,3.1638050302278713,0.021637209302325582,0.004297713,0.00103216,0.05706241338855371,1,1
2025-05-21 20:49:49,grep,55.28446499433586,0.9442661211327368,3.1638050302278713,0.016812371134020617,0.004297713,0.00103216,0.05706241338855371,1,1
2025-05-21 20:49:55,grep,55.28446499433586,0.9445910947478835,3.1638050302278713,0.0282300518134715,0.004297713,0.00103216,0.05706241338855371,1,1
2025-05-21 20:50:01,grep,58.20263432990718,2.367975842103986,5.912434187590495,0.021131282051282053,0.0108656,0.001571892,0.09148825528210645,1,1
2025-05-21 20:50:07,grep,58.20263432990718,2.3483872021016614,5.912434187590495,0.025175384615384617,0.0108656,0.001571892,0.09148825528210645,1,1
2025-05-21 20:50:13,grep,57.751431489036676,0.46424006817834584,1.2467117344957785,0.01413606138107417,0.002140968,0.000952934,0.055033302614573676,1,1
2025-05-21 20:50:19,grep,57.751431489036676,0.46574324026660874,1.2467117344957785,0.022043410852713177,0.002140968,0.000952934,0.055033302614573676,1,1
2025-05-21 20:50:25,grep,57.751431489036676,0.4672380011079034,1.2467117344957785,0.028490956072351425,0.002140968,0.000952934,0.055033302614573676,1,1
2025-05-21 20:50:31,grep,59.13205689729763,0.8888060042132542,1.6491499850943094,0.02666493506493507,0.004069958,0.001536326,0.09084611644479768,1,1
2025-05-21 20:50:37,grep,59.13205689729763,0.889391181487142,1.6491499850943094,0.023753608247422685,0.004069958,0.001536326,0.09084611644479768,1,1
2025-05-21 20:50:43,grep,62.877454007463356,3.272951673726575,7.690043560139896,0.027876288659793816,0.015181593,0.00174701,0.10984754092557857,1,1
2025-05-21 20:50:49,grep,62.877454007463356,3.23001790412801,7.690043560139896,0.04265520833333333,0.015181593,0.00174701,0.10984754092557857,1,1
2025-05-21 20:50:55,grep,62.877454007463356,3.1886760168716877,7.690043560139896,0.03756503856041131,0.015181593,0.00174701,0.10984754092557857,1,1
2025-05-21 20:51:01,grep,68.37985169164519,0.33259077985285773,0.11480614276435702,0.03830673575129534,0.001577376,0.001414933,0.0967529086936146,1,1
2025-05-21 20:51:07,grep,68.37985169164519,0.33387140545252725,0.11480614276435702,0.028306666666666667,0.001577376,0.001414933,0.0967529086936146,1,1
2025-05-21 20:51:13,grep,72.33752585065683,0.399893094461523,0.9574249098377444,0.025124155844155848,0.001882802,0.000961877,0.06957980235265224,1,1
2025-05-21 20:51:19,grep,72.33752585065683,0.4012612743573583,0.9574249098377444,0.0272671834625323,0.001882802,0.000961877,0.06957980235265224,1,1
2025-05-21 20:51:26,grep,72.33752585065683,0.4026232298350168,0.9574249098377444,0.04716401028277635,0.001882802,0.000961877,0.06957980235265224,1,1
2025-05-21 20:51:32,grep,74.1230751291073,1.2332320208912182,4.0121975882574015,0.02979539641943734,0.005774618,0.001152113,0.0853981584562212,1,1
2025-05-21 20:51:38,grep,74.1230751291073,1.2316272448504295,4.0121975882574015,0.033777551020408164,0.005774618,0.001152113,0.0853981584562212,1,1
2025-05-21 20:51:44,grep,78.03391553582043,1.5081816776987391,5.259389208269228,0.0205295918367347,0.007091406,0.001132923,0.0884064176905883,1,1
2025-05-21 20:51:50,grep,78.03391553582043,1.503959111596411,5.259389208269228,0.0262426735218509,0.007091406,0.001132923,0.0884064176905883,1,1
2025-05-21 20:51:56,grep,78.03391553582043,2.147829576420871,9.374425268343826,0.03066046511627907,0.010191991,0.000982415,0.07666168913112302,1,1
2025-05-21 20:52:02,grep,82.80532999777479,2.134441732976839,9.374425268343826,0.03264226804123711,0.010191991,0.000982415,0.08134919826976392,1,1
2025-05-21 20:52:08,grep,82.80532999777479,2.1213625902963607,9.374425268343826,0.030836923076923078,0.010191991,0.000982415,0.08134919826976392,1,1
2025-05-21 20:52:14,grep,84.80462860146316,0.8595662924722013,1.3500363331533765,0.027548320413436692,0.004126598,0.001755972,0.14891455329456849,1,1
2025-05-21 20:52:20,grep,84.80462860146316,0.860215772527093,1.3500363331533765,0.04112287917737789,0.004126598,0.001755972,0.14891455329456849,1,1
2025-05-21 20:52:26,grep,84.80462860146316,1.1330613888158876,4.391605376365401,0.04656966580976864,0.005439375,0.00100886,0.08555599761087214,1,1
2025-05-21 20:52:32,grep,89.6237013982466,1.1322600053647467,4.391605376365401,0.04462325581395349,0.005439375,0.00100886,0.09041776739263507,1,1
2025-05-21 20:52:38,grep,89.6237013982466,1.1314682170448715,4.391605376365401,0.03653503836317135,0.005439375,0.00100886,0.09041776739263507,1,1
2025-05-21 20:52:44,grep,95.62105508654005,0.4159909826729022,1.070227431792269,0.03157823834196891,0.001993658,0.000963014,0.09208441474310929,1,1
2025-05-21 20:52:50,grep,95.62105508654005,0.417266833948596,1.070227431792269,0.041562982005141386,0.001993658,0.000963014,0.09208441474310929,1,1
2025-05-21 20:52:56,grep,95.62105508654005,0.6852152111296941,2.3920073807401288,0.039511794871794875,0.003268501,0.000963589,0.09213939684978405,1,1
2025-05-21 20:53:02,grep,100.76145935340271,0.6863346292715055,2.3920073807401288,0.04191156812339332,0.003268501,0.000963589,0.09709263385688598,1,1
2025-05-21 20:53:08,grep,100.76145935340271,0.6874461140148473,2.3920073807401288,0.058817662337662335,0.003268501,0.000963589,0.09709263385688598,1,1
2025-05-21 20:53:14,grep,105.24678605736581,0.620593251930962,1.0282450077069405,0.055071134020618556,0.002944886,0.001451938,0.1528118080545596,1,1
2025-05-21 20:53:20,grep,105.24678605736581,0.6217968944701987,1.0282450077069405,0.04662118863049096,0.002944886,0.001451938,0.1528118080545596,1,1
2025-05-21 20:53:26,grep,105.24678605736581,1.0679753329947512,2.1650382072851557,0.041680412371134026,0.005059782,0.001598648,0.16825256403703573,1,1
2025-05-21 20:53:32,grep,110.56081695482548,1.067608812466794,2.1650382072851557,0.04181491002570694,0.005059782,0.001598648,0.17674782890319785,1,1
2025-05-21 20:53:38,grep,110.56081695482548,1.0672462232719946,2.1650382072851557,0.0457979381443299,0.005059782,0.001598648,0.17674782890319785,1,1
2025-05-21 20:53:45,grep,113.50249507182147,0.907440539707558,3.1895848556591546,0.046546015424164526,0.004300148,0.00102639,0.11649782591676684,1,1
2025-05-21 20:53:51,grep,113.50249507182147,0.9078586038985964,3.1895848556591546,0.04287589743589744,0.004300148,0.00102639,0.11649782591676684,1,1
2025-05-21 20:53:57,grep,113.50249507182147,0.8817365802932361,3.283171011274465,0.04702461538461539,0.004173963,0.000974503,0.11060852195497524,1,1
2025-05-21 20:54:03,grep,120.55315739219596,0.8822505604327189,3.283171011274465,0.04369558441558442,0.004173963,0.000974503,0.11747941353816714,1,1
2025-05-21 20:54:09,grep,120.55315739219596,0.8827600923255802,3.283171011274465,0.042153452685422005,0.004173963,0.000974503,0.11747941353816714,1,1
2025-05-21 20:54:15,grep,124.17283931643422,1.1156943955584822,3.898615984713002,0.05593505154639175,0.005278342,0.001077517,0.13379834530172627,1,1
2025-05-21 20:54:21,grep,124.17283931643422,1.1150681473288138,3.898615984713002,0.047555670103092786,0.005278342,0.001077517,0.13379834530172627,1,1
2025-05-21 20:54:27,grep,130.01786950721913,0.9016844019478665,3.0433830721288357,0.054405194805194804,0.004266222,0.001055112,0.137183414331501,1,1
2025-05-21 20:54:33,grep,130.01786950721913,0.9021108036938975,3.0433830721288357,0.04486082474226804,0.004266222,0.001055112,0.137183414331501,1,1
2025-05-21 20:54:39,grep,130.01786950721913,0.9025335227426085,3.0433830721288357,0.048310649350649354,0.004266222,0.001055112,0.137183414331501,1,1
2025-05-21 20:54:45,grep,134.4293330549885,0.26526898457720793,0.32131984150735104,0.058936434108527135,0.001249518,0.000945659,0.12712430866744737,1,1
2025-05-21 20:54:51,grep,134.4293330549885,0.2661959153601176,0.32131984150735104,0.053358354755784064,0.001249518,0.000945659,0.12712430866744737,1,1
2025-05-21 20:54:57,grep,140.67949055650232,0.6240013686005697,2.135205123833482,0.0521923273657289,0.002923839,0.000932583,0.13119530134165458,1,1
2025-05-21 20:55:03,grep,140.67949055650232,0.6251048360316921,2.135205123833482,0.057811825192802056,0.002923839,0.000932583,0.13119530134165458,1,1
2025-05-21 20:55:09,grep,140.67949055650232,0.6262018455811145,2.135205123833482,0.04630997442455243,0.002923839,0.000932583,0.13119530134165458,1,1
2025-05-21 20:55:15,grep,146.18897814637924,0.6317715924050119,1.493624055082338,0.05160103626943005,0.002944778,0.001180923,0.1726379266395566,1,1
2025-05-21 20:55:21,grep,146.18897814637924,0.6328504512657311,1.493624055082338,0.055351794871794875,0.002944778,0.001180923,0.1726379266395566,1,1
2025-05-21 20:55:27,grep,149.58327301617467,0.32771843143907414,0.2707042253521125,0.06228675324675325,0.001520207,0.00119635,0.1789539486729006,1,1
2025-05-21 20:55:33,grep,149.58327301617467,0.32873219564147005,0.2707042253521125,0.06184766839378239,0.001520207,0.00119635,0.1789539486729006,1,1
2025-05-21 20:55:39,grep,149.58327301617467,0.3297429070442756,0.2707042253521125,0.07129119170984456,0.001520207,0.00119635,0.1789539486729006,1,1
2025-05-21 20:55:45,grep,153.4127814958807,0.5605055749841306,1.196897830116672,0.05336836734693877,0.002578912,0.001173888,0.18008942324463642,1,1
2025-05-21 20:55:51,grep,153.4127814958807,0.5616224525264342,1.196897830116672,0.05504909560723514,0.002578912,0.001173888,0.18008942324463642,1,1
2025-05-21 20:55:57,grep,154.10113107515932,0.4709051359749122,1.0060100803451868,0.0528,0.002157183,0.00107536,0.16571419231298332,1,1
2025-05-21 20:56:03,grep,154.10113107515932,0.4720250733830648,1.0060100803451868,0.054933333333333334,0.002157183,0.00107536,0.16571419231298332,1,1
2025-05-21 20:56:09,grep,154.10113107515932,0.47314027965283817,1.0060100803451868,0.06474550128534705,0.002157183,0.00107536,0.16571419231298332,1,1
2025-05-21 20:56:16,grep,156.60875196689108,0.8934514151558742,3.5263561617033012,0.07338200514138818,0.004071566,0.000899524,0.14087333100426572,1,1
2025-05-21 20:56:22,grep,156.60875196689108,0.893872835003663,3.5263561617033012,0.0632051282051282,0.004071566,0.000899524,0.14087333100426572,1,1
2025-05-21 20:56:28,grep,164.06934213590216,0.4309991776684087,0.5208621013701481,0.07632415584415585,0.001958259,0.001287598,0.21125535679550336,1,1
2025-05-21 20:56:34,grep,164.06934213590216,0.4320774778447447,0.5208621013701481,0.057577319587628864,0.001958259,0.001287598,0.21125535679550336,1,1
2025-05-21 20:56:40,grep,164.06934213590216,0.43315169882847615,0.5208621013701481,0.05940565552699228,0.001958259,0.001287598,0.21125535679550336,1,1
2025-05-21 20:56:46,grep,167.47079152015777,0.924407743759887,3.05833640133548,0.056267362924281986,0.004177826,0.001029443,0.17240163403488576,1,1
2025-05-21 20:56:52,grep,167.47079152015777,0.9247103452376579,3.05833640133548,0.07046217616580311,0.004177826,0.001029443,0.17240163403488576,1,1
2025-05-21 20:56:58,grep,171.22949598466843,1.1913141691443598,3.8604641930038106,0.06944559585492228,0.005386799,0.001108289,0.1897717668753522,1,1
2025-05-21 20:57:04,grep,171.22949598466843,1.1903367944883962,3.8604641930038106,0.06709511568123393,0.005386799,0.001108289,0.1897717668753522,1,1
2025-05-21 20:57:10,grep,171.22949598466843,1.1893693553834115,3.8604641930038106,0.0593616368286445,0.005386799,0.001108289,0.1897717668753522,1,1
2025-05-21 20:57:16,grep,172.01712414224602,0.3336288627462983,0.3519172172714648,0.06706838046272494,0.001506755,0.001114532,0.19171858940450573,1,1
2025-05-21 20:57:22,grep,172.01712414224602,0.33457356684899403,0.3519172172714648,0.0683278350515464,0.001506755,0.001114532,0.19171858940450573,1,1
2025-05-21 20:57:28,grep,174.76573237006085,0.9233031577839834,3.14684204750646,0.070880205655527,0.004156753,0.00100239,0.1751834224704253,1,1
2025-05-21 20:57:34,grep,174.76573237006085,0.9236007933483449,3.14684204750646,0.07180205128205128,0.004156753,0.00100239,0.1751834224704253,1,1
2025-05-21 20:57:40,grep,174.76573237006085,0.9238961277884771,3.14684204750646,0.061060154241645244,0.004156753,0.00100239,0.1751834224704253,1,1
2025-05-21 20:57:46,grep,177.4164342045177,0.6956791904627697,2.040715183396819,0.0742560411311054,0.003125989,0.001028044,0.18239190068534922,1,1
2025-05-21 20:57:52,grep,177.4164342045177,0.6965587644340676,2.040715183396819,0.07333298701298702,0.003125989,0.001028044,0.18239190068534922,1,1
2025-05-21 20:57:58,grep,179.71276107287576,0.972210285721123,2.0529503974918826,0.060504884318766064,0.004362544,0.00142896,0.25680234706269656,1,1
2025-05-21 20:58:04,grep,179.71276107287576,0.972321481343155,2.0529503974918826,0.07515038759689922,0.004362544,0.00142896,0.25680234706269656,1,1
2025-05-21 20:58:10,grep,179.71276107287576,0.9724317906524177,2.0529503974918826,0.07234639175257732,0.004362544,0.00142896,0.25680234706269656,1,1
2025-05-21 20:58:16,grep,182.36872897657327,4.295213941110805,5.299497699738933,0.05924092071611254,0.019533073,0.003100735,0.5654771008431749,1,1
2025-05-21 20:58:22,grep,182.36872897657327,4.2384392897444725,5.299497699738933,0.06891649484536082,0.019533073,0.003100735,0.5654771008431749,1,1
2025-05-21 20:58:29,grep,181.61403046861318,1.32037661062522,3.975255031425228,0.0773639175257732,0.006092961,0.001224653,0.22241416725547855,1,1
2025-05-21 20:58:35,grep,181.61403046861318,1.3186730944295908,3.975255031425228,0.06321030927835052,0.006092961,0.001224653,0.22241416725547855,1,1
2025-05-21 20:58:41,grep,181.61403046861318,1.3169875983922212,3.975255031425228,0.06920725388601036,0.006092961,0.001224653,0.22241416725547855,1,1
2025-05-21 20:58:47,grep,181.67588501721022,0.30364609187285724,0.41067632572954005,0.0723709090909091,0.001400882,0.000993057,0.18041450934753575,1,1
2025-05-21 20:58:53,grep,181.67588501721022,0.3044908464182448,0.41067632572954005,0.08120206718346253,0.001400882,0.000993057,0.18041450934753575,1,1
2025-05-21 20:58:59,grep,180.40612611817687,0.3950250317488726,0.46031689777823614,0.07177628865979381,0.001813036,0.001241536,0.22398070019625682,1,1
2025-05-21 20:59:05,grep,180.40612611817687,0.39597188185422083,0.46031689777823614,0.0658745501285347,0.001813036,0.001241536,0.22398070019625682,1,1
2025-05-21 20:59:11,grep,180.40612611817687,1.0535549113599672,1.8671041364725145,0.07555773195876289,0.004824932,0.001682859,0.30359807299310904,1,1
2025-05-21 20:59:17,grep,181.0930748708418,1.0533336909974031,1.8671041364725145,0.06392755102040816,0.004824932,0.001682859,0.30475411088407,1,1
2025-05-21 20:59:23,grep,181.0930748708418,1.0531142907155049,1.8671041364725145,0.05476307692307692,0.004824932,0.001682859,0.30475411088407,1,1
2025-05-21 20:59:29,grep,176.8681029175134,0.405823252149707,0.3020834649449759,0.07334051282051282,0.001855008,0.001424646,0.25197443534902375,1,1
2025-05-21 20:59:35,grep,176.8681029175134,0.4067600248190966,0.3020834649449759,0.05579028132992327,0.001855008,0.001424646,0.25197443534902375,1,1
2025-05-21 20:59:41,grep,176.8681029175134,0.9952271834061569,3.045532539605429,0.06918868894601543,0.004538598,0.001121879,0.19842461043299703,1,1
2025-05-21 20:59:47,grep,176.53688519715018,0.9952454531139016,3.045532539605429,0.05782901554404145,0.004538598,0.001121879,0.19805302422809368,1,1
2025-05-21 20:59:53,grep,176.53688519715018,0.9952635834869733,3.045532539605429,0.06934845360824743,0.004538598,0.001121879,0.19805302422809368,1,1
2025-05-21 20:59:59,grep,174.35273185452635,0.29879144387410717,0.4283115111293765,0.061557033248081844,0.001358897,0.000951401,0.16587936343912824,1,1
2025-05-21 21:00:05,grep,174.35273185452635,0.2995902089610083,0.4283115111293765,0.0760061855670103,0.001358897,0.000951401,0.16587936343912824,1,1
2025-05-21 21:00:11,grep,174.35273185452635,1.4049770873347025,4.173708315094921,0.06781030927835052,0.006382597,0.00123366,0.21509199117965497,1,1
2025-05-21 21:00:17,grep,173.50486887129435,1.4028332559158456,4.173708315094921,0.0628935732647815,0.006382597,0.00123366,0.21404601653176097,1,1
2025-05-21 21:00:23,grep,173.50486887129435,1.4007120026202973,4.173708315094921,0.06298191214470285,0.006382597,0.00123366,0.21404601653176097,1,1
2025-05-21 21:00:29,grep,172.00702165758614,0.5821545899637852,0.1914717118297293,0.07034845360824742,0.002648532,0.002222908,0.38235578449882146,1,1
2025-05-21 21:00:35,grep,172.00702165758614,0.5830636588952341,0.1914717118297293,0.05369974293059125,0.002648532,0.002222908,0.38235578449882146,1,1
2025-05-21 21:00:42,grep,172.00702165758614,0.9093426273848924,3.196844975713774,0.06753025641025641,0.004129238,0.000983891,0.1692361605457041,1,1
2025-05-21 21:00:48,grep,169.318772194186,0.9096480581365779,3.196844975713774,0.05657260981912145,0.004129238,0.000983891,0.16659121609290986,1,1
2025-05-21 21:00:54,grep,169.318772194186,0.9099514377653732,3.196844975713774,0.062103856041131104,0.004129238,0.000983891,0.16659121609290986,1,1
2025-05-21 21:01:00,grep,166.42953490522126,0.6431344360014274,2.0646692722380475,0.05837237851662404,0.00291462,0.000951039,0.15828097844672673,1,1
2025-05-21 21:01:06,grep,166.42953490522126,0.6439762416596014,2.0646692722380475,0.055518556701030924,0.00291462,0.000951039,0.15828097844672673,1,1
2025-05-21 21:01:12,grep,160.71048761074405,0.29843035882396113,0.42252298673379307,0.054465641025641026,0.001347226,0.000947068,0.15220376008053216,1,1
2025-05-21 21:01:18,grep,160.71048761074405,0.29919365039468676,0.42252298673379307,0.05242159383033419,0.001347226,0.000947068,0.15220376008053216,1,1
2025-05-21 21:01:24,grep,160.71048761074405,0.2999552828832456,0.42252298673379307,0.04610230179028133,0.001347226,0.000947068,0.15220376008053216,1,1
2025-05-21 21:01:30,grep,155.37070622433873,1.2310686914124134,4.5069046740020635,0.049103376623376625,0.005533883,0.001004899,0.15613186731413178,1,1
2025-05-21 21:01:36,grep,155.37070622433873,1.2300462986476468,4.5069046740020635,0.051404123711340205,0.005533883,0.001004899,0.15613186731413178,1,1
2025-05-21 21:01:42,grep,154.86950256729057,1.2204149500882069,4.296190631322161,0.0613439588688946,0.005494909,0.001037521,0.16068036117311787,1,1
2025-05-21 21:01:48,grep,154.86950256729057,1.219454999685027,4.296190631322161,0.05438453608247422,0.005494909,0.001037521,0.16068036117311787,1,1
2025-05-21 21:01:54,grep,154.86950256729057,1.2185033745687204,4.296190631322161,0.05700618556701031,0.005494909,0.001037521,0.16068036117311787,1,1
2025-05-21 21:02:00,grep,152.9147380925132,1.146036309267476,3.9818647782835943,0.05343316062176165,0.005170802,0.001037925,0.15871402953467179,1,1
2025-05-21 21:02:06,grep,152.9147380925132,1.1454452258990717,3.9818647782835943,0.042656777493606135,0.005170802,0.001037925,0.15871402953467179,1,1
2025-05-21 21:02:12,grep,148.33596452084439,1.3767437154629716,4.271789515415816,0.05518346253229974,0.006223221,0.001180476,0.1751070460537083,1,1
2025-05-21 21:02:18,grep,148.33596452084439,1.3749261898445528,4.271789515415816,0.049305426356589147,0.006223221,0.001180476,0.1751070460537083,1,1
2025-05-21 21:02:24,grep,148.33596452084439,1.373126116617003,4.271789515415816,0.055743298969072166,0.006223221,0.001180476,0.1751070460537083,1,1
2025-05-21 21:02:30,grep,144.27958510272572,0.7244291372618044,2.0829272189821846,0.05866185567010309,0.003280065,0.001063945,0.1535055431721195,1,1
2025-05-21 21:02:36,grep,144.27958510272572,0.7251229662944886,2.0829272189821846,0.05231340206185567,0.003280065,0.001063945,0.1535055431721195,1,1
2025-05-21 21:02:42,grep,140.1305469164003,1.7297405825400527,5.599959109358068,0.05151179487179487,0.007844289,0.001188536,0.16655019970983076,1,1
2025-05-21 21:02:48,grep,140.1305469164003,1.725398880525609,5.599959109358068,0.04021855670103094,0.007844289,0.001188536,0.16655019970983076,1,1
2025-05-21 21:02:54,grep,140.1305469164003,1.721108536177135,5.599959109358068,0.05174081632653061,0.007844289,0.001188536,0.16655019970983076,1,1
2025-05-21 21:03:00,grep,135.44069803784504,0.9454342947594299,2.151706731824367,0.06454395886889461,0.004308194,0.00136694,0.1851393077758519,1,1
2025-05-21 21:03:07,grep,135.44069803784504,0.9456103968010143,2.151706731824367,0.03965421994884911,0.004308194,0.00136694,0.1851393077758519,1,1
2025-05-21 21:03:13,grep,130.45969061204812,0.7567190045996529,1.3691170897806837,0.06959168831168831,0.003444746,0.001454021,0.18969112980342082,1,1
2025-05-21 21:03:19,grep,130.45969061204812,0.7573435717114699,1.3691170897806837,0.050354166666666665,0.003444746,0.001454021,0.18969112980342082,1,1
2025-05-21 21:03:25,grep,130.45969061204812,0.7579649401748171,1.3691170897806837,0.05155452196382429,0.003444746,0.001454021,0.18969112980342082,1,1
2025-05-21 21:03:31,grep,125.9891702821458,1.4593296280837105,3.5931146500382725,0.039489514066496166,0.006642567,0.001446201,0.18220566405120955,1,1
2025-05-21 21:03:37,grep,125.9891702821458,1.4570837162666648,3.5931146500382725,0.06260102564102564,0.006642567,0.001446201,0.18220566405120955,1,1
2025-05-21 21:03:43,grep,119.49146202883935,1.630353933067431,5.149294149020049,0.036603580562659846,0.007448228,0.001211233,0.14473200202757716,1,1
2025-05-21 21:03:49,grep,119.49146202883935,1.6269354492032575,5.149294149020049,0.04964663212435233,0.007448228,0.001211233,0.14473200202757716,1,1
2025-05-21 21:03:55,grep,119.49146202883935,1.6235538430308782,5.149294149020049,0.04314550128534704,0.007448228,0.001211233,0.14473200202757716,1,1
2025-05-21 21:04:01,grep,114.70596318141898,1.4595911119741878,5.249926375748358,0.039812919896640826,0.006706271,0.001073016,0.12308133378907346,1,1
2025-05-21 21:04:07,grep,114.70596318141898,1.4573805537258169,5.249926375748358,0.05767046632124353,0.006706271,0.001073016,0.12308133378907346,1,1
2025-05-21 21:04:13,grep,111.43994072997987,0.39733320903533115,0.401706565391198,0.03936640826873385,0.001824736,0.001301796,0.14507206908252487,1,1
2025-05-21 21:04:19,grep,111.43994072997987,0.3981198766697304,0.401706565391198,0.04678871794871795,0.001824736,0.001301796,0.14507206908252487,1,1
2025-05-21 21:04:25,grep,111.43994072997987,0.39890449328939714,0.401706565391198,0.049692307692307695,0.001824736,0.001301796,0.14507206908252487,1,1
2025-05-21 21:04:31,grep,104.8873272723874,0.7305723564181857,1.7825467012453664,0.04905154639175258,0.003338967,0.001199968,0.12586143633239216,1,1
2025-05-21 21:04:37,grep,104.8873272723874,0.7312119951350949,1.7825467012453664,0.03472248062015504,0.003338967,0.001199968,0.12586143633239216,1,1
2025-05-21 21:04:43,grep,100.31456032844494,1.1783908951648365,4.480387775937657,0.04316494845360826,0.005384059,0.000982423,0.09855133130155187,1,1
2025-05-21 21:04:49,grep,100.31456032844494,1.1777131748180518,4.480387775937657,0.039547692307692305,0.005384059,0.000982423,0.09855133130155187,1,1
2025-05-21 21:04:55,grep,100.31456032844494,1.177040584402798,4.480387775937657,0.05085130890052356,0.005384059,0.000982423,0.09855133130155187,1,1
2025-05-21 21:05:01,grep,95.96120594476584,1.2757759506662036,2.2723924936760986,0.045964675324675325,0.005840877,0.001784895,0.17128067668478283,1,1
2025-05-21 21:05:07,grep,95.96120594476584,1.2746528880081849,2.2723924936760986,0.030652577319587627,0.005840877,0.001784895,0.17128067668478283,1,1
2025-05-21 21:05:13,grep,91.53955996937746,0.9851193714564378,1.7825054307222306,0.04428556701030928,0.004513925,0.001622252,0.14850023423944253,1,1
2025-05-21 21:05:20,grep,91.53955996937746,0.9851659107833336,1.7825054307222306,0.04975794871794872,0.004513925,0.001622252,0.14850023423944253,1,1
2025-05-21 21:05:26,grep,91.53955996937746,0.9852121599133258,1.7825054307222306,0.030724935732647816,0.004513925,0.001622252,0.14850023423944253,1,1
2025-05-21 21:05:32,grep,87.20893051848871,1.1053026306339269,3.1487244248221007,0.0327825641025641,0.005065829,0.001221057,0.10648707507211427,1,1
2025-05-21 21:05:38,grep,87.20893051848871,1.104936741496934,3.1487244248221007,0.03528497409326425,0.005065829,0.001221057,0.10648707507211427,1,1
2025-05-21 21:05:44,grep,84.20444723340422,1.0441207974339968,3.133511819915614,0.03918457583547558,0.004787669,0.001158257,0.09753039043922107,1,1
2025-05-21 21:05:50,grep,84.20444723340422,1.043976856523333,3.133511819915614,0.031096875000000003,0.004787669,0.001158257,0.09753039043922107,1,1
2025-05-21 21:05:56,grep,84.20444723340422,0.2698627654140463,0.24844648277228767,0.02362901554404145,0.001234771,0.000989046,0.08328207171840951,1,1
2025-05-21 21:06:02,grep,81.91591499712744,0.27047607178384103,0.24844648277228767,0.026790769230769226,0.001234771,0.000989046,0.0810186080642489,1,1
2025-05-21 21:06:08,grep,81.91591499712744,0.271088348678645,0.24844648277228767,0.021401030927835053,0.001234771,0.000989046,0.0810186080642489,1,1
2025-05-21 21:06:14,grep,77.43929271978256,0.5039136181282006,0.8340749431388021,0.02521860465116279,0.002291739,0.001249534,0.09676302918932078,1,1
2025-05-21 21:06:20,grep,77.43929271978256,0.5046839776619452,0.8340749431388021,0.020969387755102042,0.002291739,0.001249534,0.09676302918932078,1,1
2025-05-21 21:06:26,grep,77.43929271978256,1.1385621233847059,3.4311668729894245,0.02527958656330749,0.005172346,0.001167265,0.09039217601655698,1,1
2025-05-21 21:06:32,grep,73.21130125464093,1.1380798763992157,3.4311668729894245,0.027123907455012853,0.005172346,0.001167265,0.08545698955899844,1,1
2025-05-21 21:06:38,grep,73.21130125464093,1.1376009745639737,3.4311668729894245,0.033584496124031006,0.005172346,0.001167265,0.08545698955899844,1,1
2025-05-21 21:06:44,grep,67.25760901002435,1.9534348844393081,4.939201145754295,0.04093265306122449,0.008907602,0.001499798,0.10087282747801651,1,1
2025-05-21 21:06:50,grep,67.25760901002435,1.94780728621252,4.939201145754295,0.025899228791773775,0.008907602,0.001499798,0.10087282747801651,1,1
2025-05-21 21:06:56,grep,67.25760901002435,1.4934659018374907,4.561803764428847,0.034465809768637536,0.006840062,0.001229828,0.08271529077358024,1,1
2025-05-21 21:07:02,grep,63.600836596664216,1.4912493936239688,4.561803764428847,0.021392746113989638,0.006840062,0.001229828,0.07821808967000236,1,1
2025-05-21 21:07:08,grep,63.600836596664216,1.4890527082186038,4.561803764428847,0.024725128205128205,0.006840062,0.001229828,0.07821808967000236,1,1
2025-05-21 21:07:14,grep,62.87605244326013,3.6294678756040097,19.285724460110327,0.026293333333333332,0.016804897,0.00082841,0.052087150604521126,1,1
2025-05-21 21:07:20,grep,62.87605244326013,3.6012014768074634,19.285724460110327,0.0217343669250646,0.016804897,0.00082841,0.052087150604521126,1,1
2025-05-21 21:07:26,grep,62.87605244326013,1.7859323482536609,3.3381111636191796,0.03158139534883721,0.008353597,0.00192563,0.121076012866315,1,1
2025-05-21 21:07:33,grep,60.02037250746997,1.7817769886904982,3.3381111636191796,0.02748911917098446,0.008353597,0.00192563,0.11557702991155941,1,1
2025-05-21 21:07:39,grep,60.02037250746997,1.7776653382318521,3.3381111636191796,0.01209254498714653,0.008353597,0.00192563,0.11557702991155941,1,1
2025-05-21 21:07:45,grep,58.611461759556995,1.4263864162976179,3.142262422772357,0.024491752577319587,0.006711335,0.00162021,0.09496287645745184,1,1
2025-05-21 21:07:51,grep,58.611461759556995,1.4245998573921719,3.142262422772357,0.0446749354005168,0.006711335,0.00162021,0.09496287645745184,1,1
2025-05-21 21:07:57,grep,56.080777083866394,1.8051236551041248,2.0420510785420727,0.033259335038363175,0.00852418,0.002802116,0.15714484275913537,1,1
2025-05-21 21:08:03,grep,56.080777083866394,1.8008840809121864,2.0420510785420727,0.01574470284237726,0.00852418,0.002802116,0.15714484275913537,1,1
2025-05-21 21:08:09,grep,56.080777083866394,1.7966889218571815,2.0420510785420727,0.029343958868894605,0.00852418,0.002802116,0.15714484275913537,1,1
2025-05-21 21:08:15,grep,55.15716812972099,1.8586497060462333,3.162353068580159,0.030851679586563308,0.008840276,0.002123865,0.11714637888982987,1,1
2025-05-21 21:08:21,grep,55.15716812972099,1.8540353093119144,3.162353068580159,0.022260103626943004,0.008840276,0.002123865,0.11714637888982987,1,1
2025-05-21 21:08:27,grep,53.582213437500855,0.6171936416179632,0.8018203338238963,0.020030927835051546,0.002939596,0.001631459,0.08741718435253171,1,1
2025-05-21 21:08:33,grep,53.582213437500855,0.6178752744241205,0.8018203338238963,0.019967179487179486,0.002939596,0.001631459,0.08741718435253171,1,1
2025-05-21 21:08:39,grep,53.582213437500855,0.6185544840864345,0.8018203338238963,0.04098501291989664,0.002939596,0.001631459,0.08741718435253171,1,1
2025-05-21 21:08:45,grep,52.40681590839292,2.1813199727726893,1.5544513217570515,0.0208580310880829,0.010401736,0.004072004,0.21340076400623958,1,1
2025-05-21 21:08:51,grep,52.40681590839292,2.1739823477217777,1.5544513217570515,0.026684398976982097,0.010401736,0.004072004,0.21340076400623958,1,1
2025-05-21 21:08:57,grep,49.815824460882375,1.1971786705849017,4.1886453386155535,0.016033846153846155,0.005731305,0.001104586,0.05502586227794822,1,1
2025-05-21 21:09:03,grep,49.815824460882375,1.1965084264347083,4.1886453386155535,0.03317726098191214,0.005731305,0.001104586,0.05502586227794822,1,1
2025-05-21 21:09:09,grep,49.815824460882375,1.1958427233983389,4.1886453386155535,0.022637532133676093,0.005731305,0.001104586,0.05502586227794822,1,1
2025-05-21 21:09:15,grep,47.51258476302704,0.5236663367768682,0.07185854347366824,0.030341237113402066,0.002506389,0.002338358,0.11110143268130239,1,1
2025-05-21 21:09:21,grep,47.51258476302704,0.5243699284639366,0.07185854347366824,0.02529198966408269,0.002506389,0.002338358,0.11110143268130239,1,1
2025-05-21 21:09:27,grep,52.400395190661904,1.0964194071076097,2.629238414630769,0.02707700258397933,0.005242101,0.001444408,0.07568755001655358,1,1
2025-05-21 21:09:34,grep,52.400395190661904,1.0961233635086565,2.629238414630769,0.011854922279792745,0.005242101,0.001444408,0.07568755001655358,1,1
2025-05-21 21:09:40,grep,52.400395190661904,1.0958291322739497,2.629238414630769,0.0332401028277635,0.005242101,0.001444408,0.07568755001655358,1,1
2025-05-21 21:09:46,grep,56.260088710357344,0.7754608559182029,1.3406359661030218,0.03116185567010309,0.003707235,0.001583858,0.08910799158460916,1,1
2025-05-21 21:09:52,grep,56.260088710357344,0.7759448281058628,1.3406359661030218,0.022364948453608247,0.003707235,0.001583858,0.08910799158460916,1,1
2025-05-21 21:09:58,grep,58.224912839048656,1.1107282587741747,2.7299132159020565,0.026517647058823524,0.005308364,0.001423187,0.08286493902866714,1,1
2025-05-21 21:10:04,grep,58.224912839048656,1.1103886140288874,2.7299132159020565,0.028774293059125964,0.005308364,0.001423187,0.08286493902866714,1,1
2025-05-21 21:10:10,grep,58.224912839048656,1.110051046545335,2.7299132159020565,0.02259434447300771,0.005308364,0.001423187,0.08286493902866714,1,1
2025-05-21 21:10:16,grep,62.02435418993857,1.2131652065120317,2.79826054866263,0.025816410256410256,0.005804874,0.001528298,0.09479169645977474,1,1
2025-05-21 21:10:22,grep,62.02435418993857,1.2124571142623093,2.79826054866263,0.03560829015544041,0.005804874,0.001528298,0.09479169645977474,1,1
2025-05-21 21:10:28,grep,62.064449454485725,0.6616036390123492,1.852799593258476,0.0263659793814433,0.003164622,0.001109304,0.06884834203765883,1,1
2025-05-21 21:10:34,grep,62.064449454485725,0.6622142408905825,1.852799593258476,0.015441450777202072,0.003164622,0.001109304,0.06884834203765883,1,1
2025-05-21 21:10:40,grep,62.064449454485725,0.6628226431995174,1.852799593258476,0.043038144329896916,0.003164622,0.001109304,0.06884834203765883,1,1
2025-05-21 21:10:46,grep,63.7946636238046,2.131904277178214,7.372573331037254,0.039299487179487176,0.010210102,0.00121947,0.077795678449321,1,1
2025-05-21 21:10:52,grep,63.7946636238046,2.1254022450379906,7.372573331037254,0.024604627249357323,0.010210102,0.00121947,0.077795678449321,1,1
2025-05-21 21:10:58,grep,68.39997721907801,0.34898164072871307,0.22591692378918007,0.022269767441860468,0.001673509,0.001365108,0.09337335610158115,1,1
2025-05-21 21:11:04,grep,68.39997721907801,0.3495934465135552,0.22591692378918007,0.02912082262210797,0.001673509,0.001365108,0.09337335610158115,1,1
2025-05-21 21:11:10,grep,68.39997721907801,0.3502041034678537,0.22591692378918007,0.032596875,0.001673509,0.001365108,0.09337335610158115,1,1
2025-05-21 21:11:16,grep,72.84353948569616,0.24481610949975224,0.2586523990840921,0.027399483204134368,0.001167531,0.000927604,0.06756995860108969,1,1
2025-05-21 21:11:22,grep,72.84353948569616,0.24531012083690612,0.2586523990840921,0.03386113989637306,0.001167531,0.000927604,0.06756995860108969,1,1
2025-05-21 21:11:28,grep,76.07729375627663,1.1295222753375698,3.769617399294365,0.032850515463917526,0.005377715,0.001127494,0.08577669224643936,1,1
2025-05-21 21:11:34,grep,76.07729375627663,1.12913434947522,3.769617399294365,0.02520714285714286,0.005377715,0.001127494,0.08577669224643936,1,1
2025-05-21 21:11:40,grep,76.07729375627663,1.1287487403897405,3.769617399294365,0.03200103092783505,0.005377715,0.001127494,0.08577669224643936,1,1
2025-05-21 21:11:46,grep,79.75547652252143,0.7322756688836153,2.1092821220355975,0.03133846153846154,0.003486323,0.001121263,0.08942686487207195,1,1
2025-05-21 21:11:53,grep,79.75547652252143,0.7327919484474195,2.1092821220355975,0.034677634961439587,0.003486323,0.001121263,0.08942686487207195,1,1
2025-05-21 21:11:59,grep,84.0042697531251,3.624839641495686,10.04968954770301,0.03272577319587629,0.017365449,0.001571578,0.13201926225007682,1,1
2025-05-21 21:12:05,grep,84.0042697531251,3.6001022303759793,10.04968954770301,0.03739228791773779,0.017365449,0.001571578,0.13201926225007682,1,1
2025-05-21 21:12:11,grep,84.0042697531251,3.5758267341179684,10.04968954770301,0.03525876288659794,0.017365449,0.001571578,0.13201926225007682,1,1
2025-05-21 21:12:17,grep,87.74966768966299,0.9320295280883322,2.863402099260265,0.03468247422680412,0.004525454,0.001171365,0.10278688949330207,1,1
2025-05-21 21:12:23,grep,87.74966768966299,0.9321941038627551,2.863402099260265,0.045956476683937826,0.004525454,0.001171365,0.10278688949330207,1,1
2025-05-21 21:12:29,grep,89.60916462754548,2.1634044232094722,8.850888504658302,0.04765077720207254,0.010534353,0.001069381,0.09582633807856923,1,1
2025-05-21 21:12:35,grep,89.60916462754548,2.156920261522739,8.850888504658302,0.04766528497409326,0.010534353,0.001069381,0.09582633807856923,1,1
2025-05-21 21:12:41,grep,89.60916462754548,0.601892425805318,2.0929515130833365,0.031895876288659794,0.002936609,0.000949452,0.08507960057395232,1,1
2025-05-21 21:12:47,grep,95.19766194816077,0.6025090412625091,2.0929515130833365,0.0480041237113402,0.002936609,0.000949452,0.09038561053200514,1,1
2025-05-21 21:12:53,grep,95.19766194816077,0.6031237495636665,2.0929515130833365,0.042146770025839796,0.002936609,0.000949452,0.09038561053200514,1,1
2025-05-21 21:12:59,grep,100.71377024913613,0.7804210113897373,1.9793416114374656,0.04579589743589744,0.003797731,0.001274688,0.12837863437133085,1,1
2025-05-21 21:13:05,grep,100.71377024913613,0.7808584096035857,1.9793416114374656,0.044054498714652966,0.003797731,0.001274688,0.12837863437133085,1,1
2025-05-21 21:13:11,grep,100.71377024913613,0.61421187671646,1.3617316446239658,0.04751794871794872,0.002984303,0.001263608,0.12726272579697043,1,1
2025-05-21 21:13:17,grep,105.5584995808332,0.614813876441234,1.3617316446239658,0.04755282051282051,0.002984303,0.001263608,0.1333845645383375,1,1
2025-05-21 21:13:23,grep,105.5584995808332,0.615414000322672,1.3617316446239658,0.05113092783505155,0.002984303,0.001263608,0.1333845645383375,1,1
2025-05-21 21:13:29,grep,110.9588079153619,0.4118913171072722,0.14745599374030913,0.044715681233933165,0.001994399,0.001738105,0.1928580588317301,1,1
2025-05-21 21:13:35,grep,110.9588079153619,0.41250239075391304,0.14745599374030913,0.048175584415584415,0.001994399,0.001738105,0.1928580588317301,1,1
2025-05-21 21:13:41,grep,110.9588079153619,1.4479809659433194,4.595807568094084,0.043852196382428946,0.007008721,0.001252495,0.1389753521199512,1,1
2025-05-21 21:13:47,grep,115.29710665647886,1.4463570550895901,4.595807568094084,0.05089715762273902,0.007008721,0.001252495,0.14440904960170647,1,1
2025-05-21 21:13:53,grep,115.29710665647886,1.444744874920277,4.595807568094084,0.03224806201550388,0.007008721,0.001252495,0.14440904960170647,1,1
2025-05-21 21:13:59,grep,121.36321084870465,1.416772378744293,5.330855350391204,0.04839170984455959,0.00688019,0.001086771,0.1318940180172576,1,1
2025-05-21 21:14:06,grep,121.36321084870465,1.4153050651655419,5.330855350391204,0.05054895833333333,0.00688019,0.001086771,0.1318940180172576,1,1
2025-05-21 21:14:12,grep,121.36321084870465,0.9145625058985569,3.790626316884248,0.050249095607235145,0.004444997,0.000927853,0.11260721927560316,1,1
2025-05-21 21:14:18,grep,126.71438885239647,0.9147559575241145,3.790626316884248,0.0458212987012987,0.004444997,0.000927853,0.11757232583986262,1,1
2025-05-21 21:14:24,grep,126.71438885239647,0.9149485350840847,3.790626316884248,0.060580976863753216,0.004444997,0.000927853,0.11757232583986262,1,1
2025-05-21 21:14:30,grep,130.83958361745374,0.7783994289718231,2.0317457007019573,0.04147700258397933,0.003779547,0.001246657,0.16311208279378403,1,1
2025-05-21 21:14:36,grep,130.83958361745374,0.7788234774419245,2.0317457007019573,0.06876770833333333,0.003779547,0.001246657,0.16311208279378403,1,1
2025-05-21 21:14:42,grep,136.90097221950515,0.3888615240199762,0.272686010392091,0.05284742268041237,0.001884274,0.001480549,0.20268859751861615,1,1
2025-05-21 21:14:48,grep,136.90097221950515,0.38944344057438457,0.272686010392091,0.061809278350515466,0.001884274,0.001480549,0.20268859751861615,1,1
2025-05-21 21:14:54,grep,136.90097221950515,0.39002424999919455,0.272686010392091,0.05378397932816537,0.001884274,0.001480549,0.20268859751861615,1,1
2025-05-21 21:15:00,grep,142.22798020546765,0.8800144891877385,2.9259862404812145,0.05860976863753213,0.004250257,0.001082596,0.15397544245851844,1,1
2025-05-21 21:15:06,grep,142.22798020546765,0.8802708477977533,2.9259862404812145,0.05131855670103093,0.004250257,0.001082596,0.15397544245851844,1,1
2025-05-21 21:15:12,grep,146.6369119863851,0.3706956177368549,0.8555267029579507,0.05962480620155039,0.001787119,0.000963133,0.14123084895218302,1,1
2025-05-21 21:15:18,grep,146.6369119863851,0.371259954733165,0.8555267029579507,0.04978604651162791,0.001787119,0.000963133,0.14123084895218302,1,1
2025-05-21 21:15:24,grep,146.6369119863851,0.37182328048304975,0.8555267029579507,0.059533333333333334,0.001787119,0.000963133,0.14123084895218302,1,1
2025-05-21 21:15:30,grep,148.26612337282282,0.36683675562157136,0.9415676655740887,0.05323720930232558,0.001760466,0.000906724,0.1344364524490994,1,1
2025-05-21 21:15:36,grep,148.26612337282282,0.3673945991620331,0.9415676655740887,0.05586153846153846,0.001760466,0.000906724,0.1344364524490994,1,1
2025-05-21 21:15:42,grep,151.6289253067233,0.8815677701443938,3.3037466420450605,0.05770129198966409,0.00422306,0.000981252,0.14878618621507284,1,1
2025-05-21 21:15:48,grep,151.6289253067233,0.8818170196813041,3.3037466420450605,0.06162577319587629,0.00422306,0.000981252,0.14878618621507284,1,1
2025-05-21 21:15:54,grep,151.6289253067233,0.8820652222927471,3.3037466420450605,0.054659067357512955,0.00422306,0.000981252,0.14878618621507284,1,1
2025-05-21 21:16:00,grep,152.5838425643117,0.5648869544297827,1.6460950209448033,0.05578005115089514,0.002701708,0.001021017,0.15579069718348584,1,1
2025-05-21 21:16:06,grep,152.5838425643117,0.5654699955955697,1.6460950209448033,0.06117731958762886,0.002701708,0.001021017,0.15579069718348584,1,1
2025-05-21 21:16:12,grep,157.96733611148022,0.3242866587468112,0.3772039315539253,0.06705398457583547,0.001546903,0.00112322,0.17743207126713684,1,1
2025-05-21 21:16:18,grep,157.96733611148022,0.3248042874976565,0.3772039315539253,0.053715897435897435,0.001546903,0.00112322,0.17743207126713684,1,1
2025-05-21 21:16:24,grep,157.96733611148022,0.32532112379877504,0.3772039315539253,0.062460668380462735,0.001546903,0.00112322,0.17743207126713684,1,1
2025-05-21 21:16:31,grep,163.4809858305253,0.5948407834774282,1.949597138267324,0.05991502590673575,0.002825776,0.000958021,0.15661821752634567,1,1
2025-05-21 21:16:37,grep,163.4809858305253,0.5954057345803219,1.949597138267324,0.06888,0.002825776,0.000958021,0.15661821752634567,1,1
2025-05-21 21:16:43,grep,167.18924675895985,0.8104436226020642,2.110148629987938,0.06736923076923076,0.003844632,0.001236157,0.20667215770581554,1,1
2025-05-21 21:16:49,grep,167.18924675895985,0.8108018805677235,2.110148629987938,0.07052363636363636,0.003844632,0.001236157,0.20667215770581554,1,1
2025-05-21 21:16:55,grep,167.18924675895985,0.811158786886421,2.110148629987938,0.06127461139896373,0.003844632,0.001236157,0.20667215770581554,1,1
2025-05-21 21:17:01,grep,170.053580484509,3.407387194979626,11.483202358771912,0.06085964010282777,0.016240846,0.001301016,0.221242429067634,1,1
2025-05-21 21:17:07,grep,170.053580484509,3.38850422810722,11.483202358771912,0.0668,0.016240846,0.001301016,0.221242429067634,1,1
2025-05-21 21:17:13,grep,172.2693893609499,0.8902759119960102,2.507979816918133,0.06153419023136246,0.004265942,0.001216068,0.20949129178139164,1,1
2025-05-21 21:17:19,grep,172.2693893609499,0.8905010488979849,2.507979816918133,0.07295360824742268,0.004265942,0.001216068,0.20949129178139164,1,1
2025-05-21 21:17:25,grep,172.2693893609499,0.8907252637993782,2.507979816918133,0.05987948051948053,0.004265942,0.001216068,0.20949129178139164,1,1
2025-05-21 21:17:31,grep,174.23084379828134,0.30626948593942555,0.4380565863391901,0.059020725388601036,0.001464478,0.001018373,0.17743198709138716,1,1
2025-05-21 21:17:37,grep,174.23084379828134,0.3067564569109226,0.4380565863391901,0.06327131782945736,0.001464478,0.001018373,0.17743198709138716,1,1
2025-05-21 21:17:43,grep,176.177707189229,0.8395063559566189,3.1075885515561366,0.06086375321336761,0.004006394,0.000975364,0.17183739319491517,1,1
2025-05-21 21:17:49,grep,176.177707189229,0.8398133826310946,3.1075885515561366,0.06790880829015544,0.004006394,0.000975364,0.17183739319491517,1,1
2025-05-21 21:17:55,grep,176.177707189229,0.8401192368555002,3.1075885515561366,0.06131958762886598,0.004006394,0.000975364,0.17183739319491517,1,1
2025-05-21 21:18:01,grep,177.71719405351826,0.4881772161239704,0.9511387559648022,0.06686511627906977,0.002325334,0.001191783,0.21180033068068416,1,1
2025-05-21 21:18:07,grep,177.71719405351826,0.4887431660965313,0.9511387559648022,0.07716787564766839,0.002325334,0.001191783,0.21180033068068416,1,1
2025-05-21 21:18:13,grep,177.9308182490263,1.048506483423909,4.052773898345253,0.06868527131782946,0.004989114,0.000987401,0.1756890678699068,1,1
2025-05-21 21:18:19,grep,177.9308182490263,1.0483919478233712,4.052773898345253,0.06512558139534884,0.004989114,0.000987401,0.1756890678699068,1,1
2025-05-21 21:18:25,grep,177.9308182490263,1.0482779518414613,4.052773898345253,0.06460725388601037,0.004989114,0.000987401,0.1756890678699068,1,1
2025-05-21 21:18:31,grep,179.94379076225454,0.5122569266252779,0.43967672941251595,0.0644124031007752,0.002435337,0.001691586,0.3043903972403591,1,1
2025-05-21 21:18:37,grep,179.94379076225454,0.5128164852126936,0.43967672941251595,0.0696538860103627,0.002435337,0.001691586,0.3043903972403591,1,1
2025-05-21 21:18:43,grep,180.92799767373526,0.8220472082380832,3.2630089787161056,0.07581514360313316,0.003902303,0.000915387,0.1656191370065675,1,1
2025-05-21 21:18:49,grep,180.92799767373526,0.822373140523665,3.2630089787161056,0.06835681233933162,0.003902303,0.000915387,0.1656191370065675,1,1
2025-05-21 21:18:56,grep,180.92799767373526,0.8226978810590213,3.2630089787161056,0.06381443298969072,0.003902303,0.000915387,0.1656191370065675,1,1
2025-05-21 21:19:02,grep,182.36042182639875,0.8050402690294307,2.422118419165113,0.08081142857142858,0.003816894,0.00111536,0.2033975200882921,1,1
2025-05-21 21:19:08,grep,182.36042182639875,0.8053876543400882,2.422118419165113,0.06899587628865979,0.003816894,0.00111536,0.2033975200882921,1,1
2025-05-21 21:19:14,grep,182.13440793049944,0.7108092448109858,1.8149875619290508,0.065896875,0.003366514,0.001195925,0.21781909180428255,1,1
2025-05-21 21:19:20,grep,182.13440793049944,0.7112623075507615,1.8149875619290508,0.05856102564102564,0.003366514,0.001195925,0.21781909180428255,1,1
2025-05-21 21:19:26,grep,182.13440793049944,0.6197421118586125,2.2559725824996804,0.06451324675324675,0.00293088,0.000900155,0.16394919797067872,1,1
2025-05-21 21:19:32,grep,176.90409270299278,0.6202593454305279,2.2559725824996804,0.05824,0.00293088,0.000900155,0.15924110356706248,1,1
2025-05-21 21:19:38,grep,176.90409270299278,0.6207751738131192,2.2559725824996804,0.060699744245524295,0.00293088,0.000900155,0.15924110356706248,1,1
2025-05-21 21:19:44,grep,173.7757738167918,0.37139731131925546,0.32527206222370914,0.05596,0.001751078,0.001321297,0.22960940861680554,1,1
2025-05-21 21:19:50,grep,173.7757738167918,0.3719066392350755,0.32527206222370914,0.0677074168797954,0.001751078,0.001321297,0.22960940861680554,1,1
2025-05-21 21:19:56,grep,173.7757738167918,0.4893949062300399,1.0175723708719566,0.0755095115681234,0.002301697,0.001140825,0.19824774716454152,1,1
2025-05-21 21:20:02,grep,175.8470860169731,0.48993756266198013,1.0175723708719566,0.06624311688311689,0.002301697,0.001140825,0.20061075190531333,1,1
2025-05-21 21:20:08,grep,175.8470860169731,0.4904790668791136,1.0175723708719566,0.07709402597402597,0.002301697,0.001140825,0.20061075190531333,1,1
2025-05-21 21:20:14,grep,175.74850621544778,0.5481184535663198,0.23830077598873142,0.07208497409326425,0.002569671,0.002075159,0.3647060944095424,1,1
2025-05-21 21:20:20,grep,175.74850621544778,0.5486527769829539,0.23830077598873142,0.06660154241645244,0.002569671,0.002075159,0.3647060944095424,1,1
2025-05-21 21:20:26,grep,175.74850621544778,1.2790364946050148,3.7141084242216427,0.06390490956072352,0.005994102,0.001271524,0.223468443617091,1,1
2025-05-21 21:20:32,grep,171.41509779328194,1.2782710776936959,3.7141084242216427,0.0838842377260982,0.005994102,0.001271524,0.21795841080650502,1,1
2025-05-21 21:20:38,grep,171.41509779328194,1.2775098484810596,3.7141084242216427,0.09155865633074937,0.005994102,0.001271524,0.21795841080650502,1,1
2025-05-21 21:20:44,grep,170.10744767520606,0.42129284119130356,0.2868420984020294,0.06387938144329897,0.001974268,0.001534196,0.26097816579351046,1,1
2025-05-21 21:20:50,grep,170.10744767520606,0.4218133238996652,0.2868420984020294,0.07163100775193798,0.001974268,0.001534196,0.26097816579351046,1,1
2025-05-21 21:20:56,grep,170.10744767520606,0.49205099991688833,0.2962072517139883,0.07364717948717948,0.002300519,0.001774808,0.3019080589935371,1,1
2025-05-21 21:21:02,grep,167.3490228260105,0.4925822242231578,0.2962072517139883,0.08511502590673575,0.002300519,0.001774808,0.29701238450378603,1,1
2025-05-21 21:21:09,grep,167.3490228260105,0.49311233855798664,0.2962072517139883,0.06860725388601037,0.002300519,0.001774808,0.29701238450378603,1,1
2025-05-21 21:21:15,grep,164.98090503541331,0.34384037513192395,0.3374564587932366,0.06720618556701032,0.001601893,0.001197716,0.1976002696553951,1,1
2025-05-21 21:21:21,grep,164.98090503541331,0.3443170142097289,0.3374564587932366,0.05574922279792746,0.001601893,0.001197716,0.1976002696553951,1,1
2025-05-21 21:21:27,grep,164.98090503541331,0.4620685952193273,0.6764644112179595,0.057413953488372096,0.002147281,0.001280839,0.21131397742465374,1,1
2025-05-21 21:21:33,grep,157.90953933138098,0.4625913734280407,0.6764644112179595,0.06790383631713555,0.002147281,0.001280839,0.2022566964476667,1,1
2025-05-21 21:21:39,grep,157.90953933138098,0.46311313651953834,0.6764644112179595,0.05345473145780051,0.002147281,0.001280839,0.2022566964476667,1,1
2025-05-21 21:21:45,grep,154.39767258540041,0.30766670725976836,0.37797681811058514,0.07453092783505155,0.001424467,0.001033738,0.15960674126308666,1,1
2025-05-21 21:21:51,grep,154.39767258540041,0.30811204384818236,0.37797681811058514,0.053145077720207254,0.001424467,0.001033738,0.15960674126308666,1,1
2025-05-21 21:21:57,grep,152.94619419531216,0.5088166454378515,1.0042294279142243,0.06230466321243523,0.002349957,0.001172499,0.1793292597478093,1,1
2025-05-21 21:22:03,grep,152.94619419531216,0.5093367654816584,1.0042294279142243,0.0775025641025641,0.002349957,0.001172499,0.1793292597478093,1,1
2025-05-21 21:22:09,grep,152.94619419531216,0.5098557851677338,1.0042294279142243,0.06948453608247422,0.002349957,0.001172499,0.1793292597478093,1,1
2025-05-21 21:22:15,grep,149.65070508414507,0.7681833988576933,1.9654849651908386,0.08805714285714286,0.003538903,0.001193364,0.1785877640220357,1,1
2025-05-21 21:22:21,grep,149.65070508414507,0.7685515042244538,1.9654849651908386,0.07665839793281654,0.003538903,0.001193364,0.1785877640220357,1,1
2025-05-21 21:22:27,grep,145.40524637305307,1.9952895032080216,5.461270368410488,0.05280923076923076,0.009206522,0.001424878,0.20718473664154313,1,1
2025-05-21 21:22:33,grep,145.40524637305307,1.9912116594563298,5.461270368410488,0.07715245478036176,0.009206522,0.001424878,0.20718473664154313,1,1
2025-05-21 21:22:39,grep,145.40524637305307,1.987167094377818,5.461270368410488,0.0752279792746114,0.009206522,0.001424878,0.20718473664154313,1,1
2025-05-21 21:22:45,grep,140.24381331740761,0.8880632026888704,1.3928167350075242,0.07108541666666666,0.004113441,0.001719079,0.24109019435387577,1,1
2025-05-21 21:22:51,grep,140.24381331740761,0.8882665354314776,1.3928167350075242,0.06743547557840616,0.004113441,0.001719079,0.24109019435387577,1,1
2025-05-21 21:22:57,grep,135.90411551505773,0.39144387385688717,0.2685210292111498,0.07030904392764858,0.00181047,0.001427229,0.1939662948824403,1,1
2025-05-21 21:23:03,grep,135.90411551505773,0.39192964001462227,0.2685210292111498,0.060483460559796434,0.00181047,0.001427229,0.1939662948824403,1,1
2025-05-21 21:23:09,grep,135.90411551505773,0.39241463128720433,0.2685210292111498,0.045604123711340205,0.00181047,0.001427229,0.1939662948824403,1,1
2025-05-21 21:23:16,grep,129.26445975248518,0.6403521866477404,2.135691730209764,0.07380314136125654,0.002952213,0.000941487,0.121700808418988,1,1
2025-05-21 21:23:22,grep,129.26445975248518,0.6408187231913659,2.135691730209764,0.05118046272493573,0.002952213,0.000941487,0.121700808418988,1,1
2025-05-21 21:23:28,grep,124.75361017647704,1.78495225891187,5.826754482302459,0.054664248704663215,0.008236254,0.001206467,0.1505111138087837,1,1
2025-05-21 21:23:34,grep,124.75361017647704,1.7821319192431426,5.826754482302459,0.036884536082474224,0.008236254,0.001206467,0.1505111138087837,1,1
2025-05-21 21:23:40,grep,124.75361017647704,1.7793317740210395,5.826754482302459,0.05000103359173127,0.008236254,0.001206467,0.1505111138087837,1,1
2025-05-21 21:23:46,grep,118.56220001091351,1.4990869804202853,4.906257759063436,0.03571825192802056,0.006946019,0.001176044,0.13943436394963477,1,1
2025-05-21 21:23:52,grep,118.56220001091351,1.4975891302460873,4.906257759063436,0.04345012919896641,0.006946019,0.001176044,0.13943436394963477,1,1
2025-05-21 21:23:58,grep,114.31269303077974,0.4733648698830063,0.9102962977157082,0.04676907216494845,0.002193215,0.001148102,0.1312426314940243,1,1
2025-05-21 21:24:04,grep,114.31269303077974,0.4738629794475552,0.9102962977157082,0.036698969072164946,0.002193215,0.001148102,0.1312426314940243,1,1
2025-05-21 21:24:10,grep,114.31269303077974,0.4743601476442691,0.9102962977157082,0.04016470588235294,0.002193215,0.001148102,0.1312426314940243,1,1
2025-05-21 21:24:16,grep,110.22991696720597,0.9052458406008763,2.004465808207179,0.045449740932642486,0.004184635,0.001392805,0.1535287795015093,1,1
2025-05-21 21:24:22,grep,110.22991696720597,0.905416062699939,2.004465808207179,0.048564948453608245,0.004184635,0.001392805,0.1535287795015093,1,1
2025-05-21 21:24:28,grep,103.38528852130555,1.915591974248476,5.397409173200234,0.0375866323907455,0.00886956,0.00138643,0.14333646556459365,1,1
2025-05-21 21:24:34,grep,103.38528852130555,1.912132028124653,5.397409173200234,0.0384680412371134,0.00886956,0.00138643,0.14333646556459365,1,1
2025-05-21 21:24:40,grep,103.38528852130555,1.9086981332541146,5.397409173200234,0.03160923076923077,0.00886956,0.00138643,0.14333646556459365,1,1
2025-05-21 21:24:46,grep,100.2611025977159,1.1500373520726601,3.3528074938156793,0.040095384615384616,0.005345709,0.001228106,0.1231312616668705,1,1
2025-05-21 21:24:52,grep,100.2611025977159,1.149698456763947,3.3528074938156793,0.03588688946015424,0.005345709,0.001228106,0.1231312616668705,1,1
2025-05-21 21:24:58,grep,94.34692217587123,0.891310795720141,3.164368265480161,0.03396615384615385,0.004143409,0.000994967,0.09387207411656007,1,1
2025-05-21 21:25:04,grep,94.34692217587123,0.8915004169939926,3.164368265480161,0.028322715404699737,0.004143409,0.000994967,0.09387207411656007,1,1
2025-05-21 21:25:10,grep,94.34692217587123,0.8916893777862988,3.164368265480161,0.0382639175257732,0.004143409,0.000994967,0.09387207411656007,1,1
2025-05-21 21:25:16,grep,87.93390879187947,1.2965374428801346,2.672107519951657,0.04725463917525773,0.006028106,0.001641593,0.1443516891353878,1,1
2025-05-21 21:25:22,grep,87.93390879187947,1.2957898743667984,2.672107519951657,0.03501912144702842,0.006028106,0.001641593,0.1443516891353878,1,1
2025-05-21 21:25:28,grep,85.31962271015516,1.9758153936860015,6.117046072806411,0.03718233766233766,0.009209116,0.001293952,0.11039949644505068,1,1
2025-05-21 21:25:35,grep,85.31962271015516,1.97208595215541,6.117046072806411,0.040647272727272726,0.009209116,0.001293952,0.11039949644505068,1,1
2025-05-21 21:25:41,grep,85.31962271015516,1.9683849089862413,6.117046072806411,0.03228071979434447,0.009209116,0.001293952,0.11039949644505068,1,1
2025-05-21 21:25:47,grep,82.60807034150004,1.654954348486496,6.190095582929738,0.03318982188295165,0.007752548,0.001078226,0.08907016925203423,1,1
2025-05-21 21:25:53,grep,82.60807034150004,1.6528685037581476,6.190095582929738,0.03972164948453608,0.007752548,0.001078226,0.08907016925203423,1,1
2025-05-21 21:25:59,grep,77.56140884852167,0.9254546677307579,3.3173224414438254,0.042973333333333336,0.004340092,0.001005274,0.07797046771878877,1,1
2025-05-21 21:26:05,grep,77.56140884852167,0.9255871018920913,3.3173224414438254,0.035305974025974025,0.004340092,0.001005274,0.07797046771878877,1,1
2025-05-21 21:26:11,grep,77.56140884852167,0.34249327511607885,0.18021915921272222,0.03832538860103627,0.001603932,0.001359012,0.10540688536204712,1,1
2025-05-21 21:26:17,grep,71.04263905467856,0.3429243938447206,0.18021915921272222,0.027473521850899744,0.001603932,0.001359012,0.09654779898697681,1,1
2025-05-21 21:26:23,grep,71.04263905467856,0.34335494758577284,0.18021915921272222,0.02571897435897436,0.001603932,0.001359012,0.09654779898697681,1,1
2025-05-21 21:26:29,grep,69.26765593017953,0.4494391258627407,0.8669766299108299,0.020689795918367348,0.002097285,0.001123359,0.07781244469807054,1,1
2025-05-21 21:26:35,grep,69.26765593017953,0.44991004386089883,0.8669766299108299,0.023141085271317828,0.002097285,0.001123359,0.07781244469807054,1,1
2025-05-21 21:26:41,grep,69.26765593017953,0.9879369748808711,2.9087668342416566,0.02389896907216495,0.004605227,0.001178179,0.08160969759616298,1,1
2025-05-21 21:26:47,grep,65.68484118747202,0.9879595464354646,2.9087668342416566,0.014242268041237113,0.004605227,0.001178179,0.07738850050541458,1,1
2025-05-21 21:26:53,grep,65.68484118747202,0.9879820336789412,2.9087668342416566,0.021018556701030932,0.004605227,0.001178179,0.07738850050541458,1,1
2025-05-21 21:26:59,grep,63.38190108156376,0.641522717331023,1.866407549442981,0.02110387596899225,0.00298827,0.001042514,0.06607651922414537,1,1
2025-05-21 21:27:05,grep,63.38190108156376,0.6419561009066271,1.866407549442981,0.025039793281653747,0.00298827,0.001042514,0.06607651922414537,1,1
2025-05-21 21:27:11,grep,63.38190108156376,0.8756942341615186,1.8486588351080853,0.028729533678756476,0.004075354,0.001430622,0.09067554208910891,1,1
2025-05-21 21:27:17,grep,61.44557525169555,0.8758985104000403,1.8486588351080853,0.01938659793814433,0.004075354,0.001430622,0.0879053917577312,1,1
2025-05-21 21:27:23,grep,61.44557525169555,0.8761021163507535,1.8486588351080853,0.017338501291989664,0.004075354,0.001430622,0.0879053917577312,1,1
2025-05-21 21:27:29,grep,60.6538822186741,0.4193173754952804,0.11660539443936634,0.028106459948320412,0.001948415,0.001744945,0.10583768850806427,1,1
2025-05-21 21:27:35,grep,60.6538822186741,0.4197721411456805,0.11660539443936634,0.025871834625323,0.001948415,0.001744945,0.10583768850806427,1,1
2025-05-21 21:27:41,grep,60.6538822186741,2.905000574685203,9.898448020360169,0.03752307692307692,0.013531949,0.00124164,0.07531028631799451,1,1
2025-05-21 21:27:48,grep,60.791091966600355,2.8947505718914788,9.898448020360169,0.023472164948453608,0.013531949,0.00124164,0.07548065142940967,1,1
2025-05-21 21:27:54,grep,60.791091966600355,2.884610280650391,9.898448020360169,0.005961855670103093,0.013531949,0.00124164,0.07548065142940967,1,1
2025-05-21 21:28:00,grep,55.92928008376149,1.4258077525712693,4.264311391467312,0.02277938144329897,0.006693872,0.001271557,0.0711172675954675,1,1
2025-05-21 21:28:06,grep,55.92928008376149,1.4246864170419542,4.264311391467312,0.02461865284974093,0.006693872,0.001271557,0.0711172675954675,1,1
2025-05-21 21:28:12,grep,55.66867738273983,0.7616397034101257,2.443657788710089,0.018412371134020618,0.003576979,0.001038715,0.0578238902276126,1,1
2025-05-21 21:28:18,grep,55.66867738273983,0.7619741866387094,2.443657788710089,0.023110309278350515,0.003576979,0.001038715,0.0578238902276126,1,1
2025-05-21 21:28:24,grep,55.66867738273983,0.7623077324439421,2.443657788710089,0.020611282051282053,0.003576979,0.001038715,0.0578238902276126,1,1
2025-05-21 21:28:30,grep,54.58325454904718,0.6991113520876022,2.091098251290696,0.019329562982005142,0.003278629,0.001060668,0.057894711436028784,1,1
2025-05-21 21:28:36,grep,54.58325454904718,0.699496829478153,2.091098251290696,0.02022710997442455,0.003278629,0.001060668,0.057894711436028784,1,1
2025-05-21 21:28:42,grep,52.50563435932753,0.2991967788869139,0.1695121462425641,0.02755463917525773,0.001400575,0.001197572,0.06287927755096859,1,1
2025-05-21 21:28:48,grep,52.50563435932753,0.2995798930365868,0.1695121462425641,0.027981443298969073,0.001400575,0.001197572,0.06287927755096859,1,1
2025-05-21 21:28:54,grep,52.50563435932753,0.29996258853448543,0.1695121462425641,0.028703875968992248,0.001400575,0.001197572,0.06287927755096859,1,1
2025-05-21 21:29:00,grep,52.430077555844846,1.63402102281233,4.35238937445387,0.01562901554404145,0.007638336,0.001427089,0.07482238694909307,1,1
2025-05-21 21:29:06,grep,52.430077555844846,1.6321429593849524,4.35238937445387,0.022972164948453607,0.007638336,0.001427089,0.07482238694909307,1,1
2025-05-21 21:29:12,grep,53.53624310328651,1.2403055738376254,4.448580829968877,0.020485128205128204,0.005807092,0.001065799,0.05705887436323966,1,1
2025-05-21 21:29:18,grep,53.53624310328651,1.2397668344514088,4.448580829968877,0.01540771208226221,0.005807092,0.001065799,0.05705887436323966,1,1
2025-05-21 21:29:24,grep,53.53624310328651,1.2392305052539352,4.448580829968877,0.024483887468030693,0.005807092,0.001065799,0.05705887436323966,1,1
2025-05-21 21:29:30,grep,56.397773347385815,2.3670268140357265,9.009745593733149,0.03455876288659794,0.011119436,0.001110861,0.06265008689845036,1,1
2025-05-21 21:29:36,grep,56.397773347385815,2.3612213232753123,9.009745593733149,0.02774329896907217,0.011119436,0.001110861,0.06265008689845036,1,1
2025-05-21 21:29:42,grep,58.81187800546293,3.3710345307230445,12.109656750647352,0.01189025641025641,0.015942824,0.001216113,0.07152188939685754,1,1
2025-05-21 21:29:48,grep,58.81187800546293,3.3567710538763196,12.109656750647352,0.021318863049095603,0.015942824,0.001216113,0.07152188939685754,1,1
2025-05-21 21:29:54,grep,58.81187800546293,3.3426781609743355,12.109656750647352,0.01730179948586118,0.015942824,0.001216113,0.07152188939685754,1,1
2025-05-21 21:30:00,grep,59.97781847502588,0.9081154034390833,2.261584381232414,0.020154871794871795,0.004330523,0.001327736,0.07963470879075696,1,1
2025-05-21 21:30:06,grep,59.97781847502588,0.9082641654469492,2.261584381232414,0.01749183673469388,0.004330523,0.001327736,0.07963470879075696,1,1
2025-05-21 21:30:13,grep,60.926074336786634,0.6719328838022824,2.1858288384292166,0.025666321243523315,0.003201844,0.001005027,0.06123234971247766,1,1
2025-05-21 21:30:19,grep,60.926074336786634,0.672324655757812,2.1858288384292166,0.018976410256410257,0.003201844,0.001005027,0.06123234971247766,1,1
2025-05-21 21:30:25,grep,60.926074336786634,0.6727154931350994,2.1858288384292166,0.02383669250645995,0.003201844,0.001005027,0.06123234971247766,1,1
2025-05-21 21:30:31,grep,60.90473175511197,0.7396968354457307,1.7078447727933788,0.02373877551020408,0.003519023,0.001299566,0.07914971862806384,1,1
2025-05-21 21:30:37,grep,60.90473175511197,0.7400371782361594,1.7078447727933788,0.016393830334190233,0.003519023,0.001299566,0.07914971862806384,1,1
2025-05-21 21:30:43,grep,64.05531904336002,0.8895630783443514,3.35453340787852,0.02113110539845758,0.004229223,0.000971223,0.06221199912724924,1,1
2025-05-21 21:30:49,grep,64.05531904336002,0.8897360707963671,3.35453340787852,0.030250639386189257,0.004229223,0.000971223,0.06221199912724924,1,1
2025-05-21 21:30:55,grep,64.05531904336002,0.8899085221325395,3.35453340787852,0.025716923076923078,0.004229223,0.000971223,0.06221199912724924,1,1
2025-05-21 21:31:01,grep,67.64906558544092,1.1320357405805137,3.968091068139538,0.02859591836734694,0.005381163,0.001083145,0.0732737471435424,1,1
2025-05-21 21:31:07,grep,67.64906558544092,1.1317740337106175,3.968091068139538,0.0391680412371134,0.005381163,0.001083145,0.0732737471435424,1,1
2025-05-21 21:31:13,grep,72.19237547633708,0.5041383751854452,0.9797962262591194,0.026620051413881747,0.00239491,0.001209675,0.08732931180433805,1,1
2025-05-21 21:31:19,grep,72.19237547633708,0.5045750233371255,0.9797962262591194,0.032788630490956074,0.00239491,0.001209675,0.08732931180433805,1,1
2025-05-21 21:31:25,grep,72.19237547633708,0.5050109031540411,0.9797962262591194,0.02832577319587629,0.00239491,0.001209675,0.08732931180433805,1,1
2025-05-21 21:31:31,grep,76.95454522892675,1.4269029002870033,6.19550004250255,0.03292155844155844,0.006771829,0.00094112,0.07242346160584755,1,1
2025-05-21 21:31:37,grep,76.95454522892675,1.4258461331869678,6.19550004250255,0.036438242894056845,0.006771829,0.00094112,0.07242346160584755,1,1
2025-05-21 21:31:43,grep,80.77256373934365,1.1886726219593016,4.415063094507517,0.034482051282051285,0.005647261,0.00104288,0.0842360912724867,1,1
2025-05-21 21:31:49,grep,80.77256373934365,1.1882847382271293,4.415063094507517,0.029677120822622104,0.005647261,0.00104288,0.0842360912724867,1,1
2025-05-21 21:31:55,grep,80.77256373934365,1.1878984460890252,4.415063094507517,0.0264578811369509,0.005647261,0.00104288,0.0842360912724867,1,1
2025-05-21 21:32:01,grep,83.42895667383034,1.80225481879201,7.827966802759166,0.03187357512953368,0.008579795,0.000971888,0.08108360184381562,1,1
2025-05-21 21:32:07,grep,83.42895667383034,1.7997696658021554,7.827966802759166,0.03756382428940568,0.008579795,0.000971888,0.08108360184381562,1,1
2025-05-21 21:32:13,grep,87.69218119524436,1.1005545727501898,3.632127037147543,0.04205463917525773,0.005247431,0.001132834,0.09934068439213346,1,1
2025-05-21 21:32:19,grep,87.69218119524436,1.1003647842240372,3.632127037147543,0.031946875,0.005247431,0.001132834,0.09934068439213346,1,1
2025-05-21 21:32:25,grep,87.69218119524436,1.1001757107688663,3.632127037147543,0.04294677002583979,0.005247431,0.001132834,0.09934068439213346,1,1
2025-05-21 21:32:31,grep,92.49147532238071,0.3237561529422472,0.169443797875091,0.036445244215938304,0.001542411,0.001318927,0.12198950407252161,1,1
2025-05-21 21:32:37,grep,92.49147532238071,0.3241301991074213,0.169443797875091,0.03347043701799486,0.001542411,0.001318927,0.12198950407252161,1,1
2025-05-21 21:32:44,grep,96.11866633161836,1.6000392491090474,6.196417359152568,0.037139018087855295,0.007621776,0.001059107,0.10179995234248133,1,1
2025-05-21 21:32:50,grep,96.11866633161836,1.5984081137275323,6.196417359152568,0.041078350515463914,0.007621776,0.001059107,0.10179995234248133,1,1
2025-05-21 21:32:56,grep,96.11866633161836,1.5967858223998426,6.196417359152568,0.03655692307692308,0.007621776,0.001059107,0.10179995234248133,1,1
2025-05-21 21:33:02,grep,100.69487182291294,0.9433596332141174,4.010683736904076,0.049427109974424545,0.00450241,0.000898562,0.0904805854149403,1,1
2025-05-21 21:33:08,grep,100.69487182291294,0.9434500517538391,4.010683736904076,0.04989896907216495,0.00450241,0.000898562,0.0904805854149403,1,1
2025-05-21 21:33:14,grep,106.16112883691747,0.7447161038103062,2.476176310858216,0.03329025641025641,0.003552461,0.001021945,0.10849083480924362,1,1
2025-05-21 21:33:20,grep,106.16112883691747,0.7450368388980613,2.476176310858216,0.042608740359897174,0.003552461,0.001021945,0.10849083480924362,1,1
2025-05-21 21:33:26,grep,106.16112883691747,1.3376113112903647,4.464390974868348,0.05190848329048843,0.006381589,0.00116785,0.12398027431219406,1,1
2025-05-21 21:33:32,grep,111.82675949127227,1.3368527623591007,4.464390974868348,0.00010106382978723405,0.006381589,0.00116785,0.13059688107188233,1,1
2025-05-21 21:33:38,grep,111.82675949127227,1.33609761441917,4.464390974868348,0.0001262086513994911,0.006381589,0.00116785,0.13059688107188233,1,1
2025-05-21 21:33:44,grep,73.85823127906787,1.5141616941305254,6.331569229023956,0.00011094147582697202,0.007238319,0.000987281,0.0729188284354294,1,1
2025-05-21 21:33:50,grep,73.85823127906787,1.5128609330263303,6.331569229023956,0.0001353846153846154,0.007238319,0.000987281,0.0729188284354294,1,1
